FS_Method,Classifier,N_Features,Category,MAE,Spearman,Kappa,AAcc,MAE_CI_lo,MAE_CI_hi,Spearman_CI_lo,Spearman_CI_hi,Kappa_CI_lo,Kappa_CI_hi,AAcc_CI_lo,AAcc_CI_hi,norm_MAE,norm_Spearman,norm_Kappa,norm_AAcc,Composite
Pearson,KNN-reg(k=5),8,filter,0.5283018867924528,0.6029332787507412,0.517010935601458,0.9811320754716981,0.37735849056603776,0.6792452830188679,0.41831508841207987,0.7470447433469566,0.38526192068319826,0.6331656950384743,0.9433962264150944,1.0,0.3846153846153846,0.61956890737727,0.581884637460309,1.0,0.6465172323632409
Pearson,SVR(rbf),8,filter,0.5660377358490566,0.45335527604218345,0.33618984838497035,0.9622641509433962,0.39622641509433965,0.7358490566037735,0.23731095245056708,0.651037356495876,0.1561159675919238,0.5391381364798884,0.9056603773584906,1.0,0.23076923076923073,0.15994656341248029,0.02834860530925759,0.5,0.22976609987274216
Pearson,RandomForest-R,8,filter,0.5283018867924528,0.5370640176460664,0.4410019775873434,0.9622641509433962,0.37735849056603776,0.6981132075471698,0.3230880752995239,0.7085529550058339,0.27511158377323985,0.5763081395348837,0.9056603773584906,1.0,0.3846153846153846,0.417166257014649,0.3492032744913084,0.5,0.41274622903033553
Spearman,KNN-reg(k=5),8,filter,0.4716981132075472,0.6315217135570302,0.5074010327022376,0.9811320754716981,0.32075471698113206,0.6226415094339622,0.46903375760816685,0.7728059450777371,0.39036356075343126,0.623170564268247,0.9433962264150944,1.0,0.6153846153846154,0.7074152696632626,0.5524664561957383,1.0,0.7188165853109041
Spearman,SVR(rbf),8,filter,0.4528301886792453,0.6576031146600616,0.5218598195697433,0.9811320754716981,0.32075471698113206,0.6037735849056604,0.4972616970707361,0.7785834888938252,0.40446295139520355,0.6244300276337804,0.9433962264150944,1.0,0.6923076923076923,0.7875580345871808,0.5967282159028608,1.0,0.7691484856994335
Spearman,RandomForest-R,8,filter,0.5283018867924528,0.5443808182722555,0.44485520640788656,0.9433962264150944,0.37735849056603776,0.6981132075471698,0.2977087778928106,0.7349696588074798,0.25630555025893326,0.595169256546011,0.8679245283018868,1.0,0.3846153846153846,0.43964927586257796,0.3609989174947151,0.0,0.2963158944931694
Kendall,KNN-reg(k=5),8,filter,0.49056603773584906,0.6297939968039377,0.53625,0.9811320754716981,0.33962264150943394,0.6415094339622641,0.45591943166719456,0.7612095099963748,0.40802982119957054,0.6520366514076369,0.9433962264150944,1.0,0.5384615384615384,0.7021063525137878,0.6407799551104975,1.0,0.720336961521456
Kendall,SVR(rbf),8,filter,0.49056603773584906,0.5933058284111752,0.4410019775873434,0.9811320754716981,0.33962264150943394,0.660377358490566,0.4056203389101089,0.7596348270016169,0.26274620356786543,0.6214353268073824,0.9433962264150944,1.0,0.5384615384615384,0.5899857386536059,0.3492032744913084,1.0,0.6194126379016132
Kendall,RandomForest-R,8,filter,0.49056603773584906,0.6326316189723433,0.53625,0.9811320754716981,0.3584905660377358,0.6415094339622641,0.46713500172817174,0.7676247521615501,0.40686833426228114,0.6495640580140565,0.9433962264150944,1.0,0.5384615384615384,0.710825780027941,0.6407799551104975,1.0,0.7225168183999943
Mutual Info,KNN-reg(k=5),8,filter,0.5660377358490566,0.5492619966744976,0.4943883277216611,0.9622641509433962,0.41509433962264153,0.7169811320754716,0.35458883655001067,0.7044488096431497,0.3337275373630751,0.6286857896532277,0.9056603773584906,1.0,0.23076923076923073,0.4546481300919671,0.5126314945030417,0.5,0.42451221384105986
Mutual Info,SVR(rbf),8,filter,0.5471698113207547,0.5451189041500096,0.4543341082696779,0.9811320754716981,0.41509433962264153,0.6981132075471698,0.35825387169793116,0.7026810444009496,0.32088586126022234,0.562761307684769,0.9245283018867925,1.0,0.3076923076923077,0.44191726149574395,0.3900160736599323,1.0,0.534906410711996
Mutual Info,RandomForest-R,8,filter,0.4716981132075472,0.6077343829677371,0.4816188870151771,0.9622641509433962,0.32075471698113206,0.6226415094339622,0.3870761816019353,0.7746018254766364,0.3107407362727602,0.6238013670954273,0.9056603773584906,1.0,0.6153846153846154,0.6343217101549249,0.47354122217770883,0.5,0.5558118869293123
F-regression,KNN-reg(k=5),8,filter,0.5283018867924528,0.6029332787507412,0.517010935601458,0.9811320754716981,0.37735849056603776,0.6792452830188679,0.4323923570656976,0.7489494223797791,0.3972575922878258,0.6377549096397677,0.9433962264150944,1.0,0.3846153846153846,0.61956890737727,0.581884637460309,1.0,0.6465172323632409
F-regression,SVR(rbf),8,filter,0.5660377358490566,0.45335527604218345,0.33618984838497035,0.9622641509433962,0.39622641509433965,0.7358490566037735,0.21783708375118926,0.6514742105480816,0.15302219577177864,0.5431034482758621,0.9056603773584906,1.0,0.23076923076923073,0.15994656341248029,0.02834860530925759,0.5,0.22976609987274216
F-regression,RandomForest-R,8,filter,0.5283018867924528,0.5370640176460664,0.4410019775873434,0.9622641509433962,0.37735849056603776,0.6792452830188679,0.32711461189429264,0.7124155657959597,0.2794372441409393,0.5747942302943997,0.9056603773584906,1.0,0.3846153846153846,0.417166257014649,0.3492032744913084,0.5,0.41274622903033553
F-classif (ANOVA),KNN-reg(k=5),8,filter,0.5094339622641509,0.5978522679460229,0.5318306427048431,0.9811320754716981,0.37735849056603776,0.660377358490566,0.41676268026114094,0.7407162603691174,0.39035590141444226,0.6552641867198585,0.9433962264150944,1.0,0.46153846153846156,0.6039560094010528,0.6272512592074022,1.0,0.6731864325367292
F-classif (ANOVA),SVR(rbf),8,filter,0.5471698113207547,0.489068817185955,0.36144578313253006,0.9622641509433962,0.39622641509433965,0.7358490566037735,0.276075370359278,0.6820248017026823,0.17928900241497034,0.5630172914085204,0.9056603773584906,1.0,0.3076923076923077,0.2696869075442723,0.10566298342541426,0.5,0.2957605496654986
F-classif (ANOVA),RandomForest-R,8,filter,0.4716981132075472,0.6307836329682449,0.546473886102095,0.9622641509433962,0.32075471698113206,0.6226415094339622,0.43017467797949777,0.7814915262364337,0.3808411214953271,0.6835218900263688,0.9056603773584906,1.0,0.6153846153846154,0.7051473002820067,0.6720776838944328,0.5,0.6231523998902637
mRMR,KNN-reg(k=5),8,filter,0.5094339622641509,0.594057711266635,0.5298256347506882,0.9811320754716981,0.3584905660377358,0.660377358490566,0.4048110605223028,0.7469695906263039,0.3892918090015583,0.6568050937451037,0.9433962264150944,1.0,0.46153846153846156,0.5922961195529065,0.6211134565624847,1.0,0.6687370094134633
mRMR,SVR(rbf),8,filter,0.5283018867924528,0.48004790310076934,0.3483606557377049,0.9622641509433962,0.3584905660377358,0.6981132075471698,0.2518301727854697,0.6749288469620143,0.1657506626009074,0.5511723450783503,0.9056603773584906,1.0,0.3846153846153846,0.24196749960020023,0.06560631962684545,0.5,0.2980473009606076
mRMR,RandomForest-R,8,filter,0.5283018867924528,0.5377123693220214,0.4961378490790256,0.9622641509433962,0.37735849056603776,0.6792452830188679,0.3164154094883304,0.7160568720844642,0.3040235921156093,0.6417044813010983,0.9056603773584906,1.0,0.3846153846153846,0.41915850795810194,0.5179871923656457,0.5,0.45544027123478303
LASSO-CV,KNN-reg(k=5),8,embedded,0.5849056603773585,0.4483699561608027,0.3708694257298685,0.9433962264150944,0.4339622641509434,0.7547169811320755,0.20674078553255076,0.6471985741271183,0.17153789664018582,0.5264109101195311,0.8679245283018868,1.0,0.15384615384615385,0.14462770390237542,0.13451097793777494,0.0,0.10824620892157606
LASSO-CV,SVR(rbf),8,embedded,0.5660377358490566,0.526568126113331,0.40375000000000005,0.9811320754716981,0.41509433962264153,0.7358490566037735,0.34725166881877473,0.6861842747002528,0.23270181823383243,0.5727129086699108,0.9433962264150944,1.0,0.23076923076923073,0.3849145476662128,0.23516617748618812,1.0,0.4627124889804079
LASSO-CV,RandomForest-R,8,embedded,0.4716981132075472,0.6216261825932993,0.585379012678716,0.9622641509433962,0.32075471698113206,0.6226415094339622,0.4367186660768938,0.7706520659971646,0.4209282419273119,0.72097920296646,0.9056603773584906,1.0,0.6153846153846154,0.6770083444873192,0.7911754601940187,0.5,0.6458921050164883
ElasticNet-CV,KNN-reg(k=5),8,embedded,0.5849056603773585,0.4483699561608027,0.3708694257298685,0.9433962264150944,0.4339622641509434,0.7358490566037735,0.20693339425677143,0.6501601816773844,0.1703370298351276,0.5287097642242228,0.8679245283018868,1.0,0.15384615384615385,0.14462770390237542,0.13451097793777494,0.0,0.10824620892157606
ElasticNet-CV,SVR(rbf),8,embedded,0.5660377358490566,0.526568126113331,0.40375000000000005,0.9811320754716981,0.41509433962264153,0.7358490566037735,0.3493320966138406,0.6828939469117606,0.2355650605214152,0.5652543504563421,0.9433962264150944,1.0,0.23076923076923073,0.3849145476662128,0.23516617748618812,1.0,0.4627124889804079
ElasticNet-CV,RandomForest-R,8,embedded,0.4716981132075472,0.6216261825932993,0.585379012678716,0.9622641509433962,0.32075471698113206,0.6226415094339622,0.430029683687203,0.7699529743086014,0.412488396871393,0.7202511977169943,0.9056603773584906,1.0,0.6153846153846154,0.6770083444873192,0.7911754601940187,0.5,0.6458921050164883
Ridge,KNN-reg(k=5),8,embedded,0.4528301886792453,0.6601039199255464,0.5754775107825015,0.9811320754716981,0.32075471698113206,0.6037735849056604,0.49577529306454915,0.790594270671773,0.4517052057534769,0.6984953011707341,0.9433962264150944,1.0,0.6923076923076923,0.7952424932449232,0.7608646255655072,1.0,0.8121037027795307
Ridge,SVR(rbf),8,embedded,0.5471698113207547,0.5049366479271405,0.37436762225969644,0.9811320754716981,0.39622641509433965,0.7169811320754716,0.31853598335645167,0.6758153178701388,0.21172353455818016,0.5562673529132132,0.9433962264150944,1.0,0.3076923076923077,0.3184454778342537,0.14521978329125249,1.0,0.44283939220445345
Ridge,RandomForest-R,8,embedded,0.49056603773584906,0.5870592909928135,0.5339976553341149,0.9622641509433962,0.33962264150943394,0.6415094339622641,0.38171931120275227,0.7439878154854277,0.35955700108899735,0.6776488348570163,0.9056603773584906,1.0,0.5384615384615384,0.5707914178450497,0.6338849964052777,0.5,0.5607844881779664
RF Importance,KNN-reg(k=5),8,embedded,0.5283018867924528,0.5362975443586189,0.4718640093786636,0.9433962264150944,0.37735849056603776,0.6981132075471698,0.31904893968762205,0.7149748636570001,0.2790373212417161,0.629820832068023,0.8679245283018868,1.0,0.3846153846153846,0.414811042727897,0.443679239019904,0.0,0.3107764165907964
RF Importance,SVR(rbf),8,embedded,0.49056603773584906,0.5676744835954377,0.41151977793199157,0.9811320754716981,0.33962264150943394,0.660377358490566,0.3801185312017158,0.7392165500202034,0.2416776512198451,0.5999409222713188,0.9433962264150944,1.0,0.5384615384615384,0.5112259038526763,0.2589513018506943,1.0,0.5771596860412272
RF Importance,RandomForest-R,8,embedded,0.4528301886792453,0.6779991697387355,0.5889021479713603,0.9811320754716981,0.3018867924528302,0.6037735849056604,0.5188638123071717,0.8033802472988502,0.4633797207794615,0.7067224168781032,0.9433962264150944,1.0,0.6923076923076923,0.8502309040809698,0.8019606089874604,1.0,0.8361248013440306
Extra Trees,KNN-reg(k=5),8,embedded,0.49056603773584906,0.5860672933558374,0.48841698841698844,0.9622641509433962,0.33962264150943394,0.6415094339622641,0.37637923471137025,0.7541557263824086,0.31378522467631376,0.6418918918918919,0.9056603773584906,1.0,0.5384615384615384,0.5677432137584978,0.4943518153117603,0.5,0.5251391418829492
Extra Trees,SVR(rbf),8,embedded,0.41509433962264153,0.6977708830299552,0.5742971887550201,0.9811320754716981,0.2830188679245283,0.5660377358490566,0.5436533861570104,0.8212843216331079,0.44980098081018804,0.6922183507549362,0.9433962264150944,1.0,0.8461538461538461,0.9109853000653616,0.75725138121547,1.0,0.8785976318586695
Extra Trees,RandomForest-R,8,embedded,0.39622641509433965,0.685621897074047,0.6320466537073035,0.9622641509433962,0.24528301886792453,0.5471698113207547,0.4964026793202612,0.83410640487264,0.4559867582869076,0.7800864950002316,0.9056603773584906,1.0,0.9230769230769231,0.8736539725924994,0.9340361256311555,0.5,0.8076917553251445
Gradient Boosting,KNN-reg(k=5),8,embedded,0.5283018867924528,0.5362975443586189,0.4718640093786636,0.9433962264150944,0.3584905660377358,0.6981132075471698,0.3133173376038415,0.7286849147460366,0.2764987959210882,0.6431150021616947,0.8679245283018868,1.0,0.3846153846153846,0.414811042727897,0.443679239019904,0.0,0.3107764165907964
Gradient Boosting,SVR(rbf),8,embedded,0.49056603773584906,0.5676744835954377,0.41151977793199157,0.9811320754716981,0.33962264150943394,0.660377358490566,0.3796921676004234,0.7402059434675218,0.24438763651577178,0.6112537282863324,0.9433962264150944,1.0,0.5384615384615384,0.5112259038526763,0.2589513018506943,1.0,0.5771596860412272
Gradient Boosting,RandomForest-R,8,embedded,0.4528301886792453,0.6779991697387355,0.5889021479713603,0.9811320754716981,0.3018867924528302,0.5853773584905635,0.5216584754763499,0.7993871914644681,0.4638713422999932,0.7026975956505436,0.9433962264150944,1.0,0.6923076923076923,0.8502309040809698,0.8019606089874604,1.0,0.8361248013440306
Stability Selection,KNN-reg(k=5),3,embedded,0.5660377358490566,0.6091318185262355,0.5301939058171745,0.9811320754716981,0.4339622641509434,0.6981132075471698,0.4400308211257519,0.7416882165487965,0.4044943820224719,0.6303823330944038,0.9433962264150944,1.0,0.23076923076923073,0.6386157413313425,0.622240821230162,1.0,0.6229064483326838
Stability Selection,SVR(rbf),3,embedded,0.5283018867924528,0.5675631131000599,0.46787148594377514,0.9811320754716981,0.39622641509433965,0.6792452830188679,0.39413973722913603,0.721903046626488,0.34212076989707196,0.5783660902760596,0.9433962264150944,1.0,0.3846153846153846,0.5108836852964237,0.4314571823204423,1.0,0.5817390630580627
Stability Selection,RandomForest-R,3,embedded,0.6226415094339622,0.4553689317286451,0.4291120815138283,0.9622641509433962,0.4716981132075472,0.7735849056603774,0.24669067979209822,0.6378943596904696,0.2521680720899471,0.5750121042677071,0.9056603773584906,1.0,0.0,0.16613411191419983,0.31280549591063744,0.5,0.2447349019562093
RFECV (RF),KNN-reg(k=5),24,wrapper,0.49056603773584906,0.5908730196007277,0.5339976553341149,0.9622641509433962,0.33962264150943394,0.660377358490566,0.39251824347453623,0.7567119888849886,0.3603079810901001,0.6825253627105095,0.9056603773584906,1.0,0.5384615384615384,0.582510219074335,0.6338849964052777,0.5,0.5637141884852879
RFECV (RF),SVR(rbf),24,wrapper,0.6226415094339622,0.4013027859718372,0.32692933897753174,0.9811320754716981,0.4716981132075472,0.7735849056603774,0.19269515424183817,0.5936328915083491,0.1545925792977418,0.5168970505625894,0.9433962264150944,1.0,0.0,0.0,0.0,1.0,0.25
RFECV (RF),RandomForest-R,24,wrapper,0.37735849056603776,0.7267395378457114,0.65359477124183,0.9811320754716981,0.24528301886792453,0.5283018867924528,0.5937018249509683,0.8406132192465592,0.5256197283454989,0.7803661537329789,0.9433962264150944,1.0,1.0,1.0,1.0,1.0,1.0
RFECV (SVR),KNN-reg(k=5),3,wrapper,0.49056603773584906,0.5766038509490911,0.4653665097511769,0.9622641509433962,0.33962264150943394,0.6419811320754691,0.36096183349919947,0.7496011367584972,0.2983933058401884,0.6033335485578362,0.9056603773584906,1.0,0.5384615384615384,0.5386640075770952,0.4237888588763763,0.5,0.5002286012287525
RFECV (SVR),SVR(rbf),3,wrapper,0.4716981132075472,0.5980589872916896,0.4791596069129108,0.9622641509433962,0.32075471698113206,0.6226415094339622,0.39158124372975683,0.76109674636829,0.31831829876518564,0.615133172103824,0.9056603773584906,1.0,0.6153846153846154,0.6045912153035098,0.4660127852530559,0.5,0.5464971539852953
RFECV (SVR),RandomForest-R,3,wrapper,0.5849056603773585,0.49373378885519625,0.45264089701976984,0.9622641509433962,0.4339622641509434,0.7358490566037735,0.27426702180846646,0.6631568063138614,0.2625648968150181,0.5881703858979865,0.9056603773584906,1.0,0.15384615384615385,0.284021403087201,0.3848327543286781,0.5,0.3306750778155082
Seq. Forward,KNN-reg(k=5),8,wrapper,0.39622641509433965,0.7136852359389704,0.6286932683521169,0.9811320754716981,0.2641509433962264,0.5471698113207547,0.5750044115828566,0.8335567221051983,0.5043722629343544,0.7545525046131604,0.9433962264150944,1.0,0.9230769230769231,0.9598868233794309,0.9237706214670252,1.0,0.9516835919808448
Seq. Forward,SVR(rbf),8,wrapper,0.49056603773584906,0.5862559264522516,0.43239625167336015,0.9811320754716981,0.33962264150943394,0.660377358490566,0.4085906481649389,0.7551642385572143,0.25885359029303784,0.6151057124164393,0.9433962264150944,1.0,0.5384615384615384,0.5683228443482453,0.3228591160220997,1.0,0.6074108747079708
Seq. Forward,RandomForest-R,8,wrapper,0.5471698113207547,0.5040532912443625,0.4388835418671799,0.9622641509433962,0.39622641509433965,0.6981132075471698,0.301631811293202,0.6852370700447987,0.271193014914715,0.5823922895115897,0.9056603773584906,1.0,0.3076923076923077,0.31573110498702095,0.3427182426791592,0.5,0.36653541383962196
Standard LASSO,KNN-reg(k=5),11,embedded,0.4716981132075472,0.5798023910066195,0.5402333233622495,0.9622641509433962,0.32075471698113206,0.6415094339622641,0.3545220174047227,0.744917714079891,0.33667181496883647,0.6944836174701631,0.9056603773584906,1.0,0.6153846153846154,0.5484924613061566,0.6529738482158649,0.5,0.5792127312266593
Standard LASSO,SVR(rbf),11,embedded,0.5471698113207547,0.46669042775132197,0.442775608290778,0.9433962264150944,0.3957547169811321,0.7169811320754716,0.22157665719387593,0.6645000348597857,0.22390891967806695,0.6187288297287286,0.8679245283018868,1.0,0.3076923076923077,0.2009227335357203,0.35463277675342597,0.0,0.2158119544953635
Standard LASSO,RandomForest-R,11,embedded,0.49056603773584906,0.5290221701619092,0.47975460122699387,0.9433962264150944,0.32075471698113206,0.660377358490566,0.2822786287413558,0.72595546836902,0.2538968029682604,0.658272403044869,0.8679245283018868,1.0,0.5384615384615384,0.3924553187513706,0.4678342033013594,0.0,0.3496877651285671
