Sample,y_true,Method,Category,y_hat_internal,y_hat_mlp,residual_raw_internal,residual_raw_mlp,residual_int_internal,residual_int_mlp
0,0.5,LASSO (Standard),embedded,1.4095204739434732,1.622066636364273,0.9095204739434732,1.122066636364273,0,1
1,1.5,LASSO (Standard),embedded,2.3203133500448705,2.6775141581170105,0.8203133500448705,1.1775141581170105,0,1
2,2.5,LASSO (Standard),embedded,1.5772058982500754,1.1615438801816145,-0.9227941017499246,-1.3384561198183855,-1,-2
3,2.0,LASSO (Standard),embedded,1.4429845514872424,0.8324883038542921,-0.5570154485127576,-1.167511696145708,-1,-1
4,2.5,LASSO (Standard),embedded,2.2816671536451696,2.4829307059541024,-0.2183328463548304,-0.01706929404589763,-1,-1
5,1.5,LASSO (Standard),embedded,2.079619924614815,1.3838540916454052,0.579619924614815,-0.11614590835459482,0,-1
6,2.0,LASSO (Standard),embedded,2.0265457471003088,1.8702199679378286,0.02654574710030877,-0.12978003206217137,0,0
7,2.0,LASSO (Standard),embedded,2.2530047419228816,2.1012423057510285,0.2530047419228816,0.10124230575102855,0,0
8,1.0,LASSO (Standard),embedded,0.9594730650340776,0.8681227643488547,-0.04052693496592241,-0.13187723565114529,0,0
9,1.0,LASSO (Standard),embedded,0.9407971987587038,1.0730823699201186,-0.05920280124129618,0.07308236992011863,0,0
10,1.5,LASSO (Standard),embedded,1.0266228153416468,0.98912038014993,-0.4733771846583532,-0.51087961985007,-1,-1
11,1.0,LASSO (Standard),embedded,1.3583136060067558,0.7652461006196876,0.35831360600675577,-0.23475389938031244,0,0
12,1.0,LASSO (Standard),embedded,1.3905789330131892,1.441717429237643,0.39057893301318924,0.4417174292376429,0,0
13,1.0,LASSO (Standard),embedded,1.892257013433225,1.6364793013146115,0.892257013433225,0.6364793013146115,1,1
14,0.5,LASSO (Standard),embedded,0.3573942005432791,0.47357857530173236,-0.14260579945672092,-0.026421424698267637,-1,-1
15,1.5,LASSO (Standard),embedded,0.6504874946268531,1.0586144632931682,-0.8495125053731469,-0.4413855367068318,-1,-1
16,0.5,LASSO (Standard),embedded,0.43188255923623975,1.5011142796488133,-0.06811744076376025,1.0011142796488133,-1,1
17,1.0,LASSO (Standard),embedded,1.4245673336483453,1.3907831792749914,0.4245673336483453,0.3907831792749914,0,0
18,0.5,LASSO (Standard),embedded,1.305642521124232,0.7862340471125916,0.805642521124232,0.2862340471125916,0,0
19,1.0,LASSO (Standard),embedded,1.1148062363004199,0.915186990035807,0.11480623630041986,-0.08481300996419305,0,0
20,0.5,LASSO (Standard),embedded,0.8360923674366816,0.8060759057003128,0.3360923674366816,0.30607590570031284,0,0
21,1.0,LASSO (Standard),embedded,1.2135766442774036,1.3887116535151183,0.21357664427740364,0.38871165351511827,0,0
22,1.0,LASSO (Standard),embedded,0.8938660581937896,1.086271666344693,-0.10613394180621039,0.08627166634469297,0,0
23,1.0,LASSO (Standard),embedded,0.39116308519380627,0.7653025755135554,-0.6088369148061937,-0.2346974244864446,-1,0
24,1.0,LASSO (Standard),embedded,1.0731341830729082,0.742808882458858,0.0731341830729082,-0.257191117541142,0,0
25,3.0,LASSO (Standard),embedded,2.5165052151533995,2.384109324514375,-0.48349478484660047,-0.615890675485625,0,-1
26,3.5,LASSO (Standard),embedded,3.0772882116928084,2.396323897301255,-0.4227117883071916,-1.1036761026987452,-1,-2
27,0.0,LASSO (Standard),embedded,0.6797624889570087,0.669568676783954,0.6797624889570087,0.669568676783954,1,1
28,0.0,LASSO (Standard),embedded,0.5167217449547361,0.4273823743624914,0.5167217449547361,0.4273823743624914,1,0
29,0.5,LASSO (Standard),embedded,0.26515767369203336,0.789055999637147,-0.23484232630796664,0.289055999637147,-1,0
30,1.0,LASSO (Standard),embedded,0.2644595006691006,0.5776988753952903,-0.7355404993308994,-0.4223011246047097,-1,0
31,0.5,LASSO (Standard),embedded,0.9025898450272913,0.9209956286398022,0.40258984502729134,0.4209956286398022,0,0
32,0.5,LASSO (Standard),embedded,0.37421230201876565,0.31261530590579023,-0.12578769798123435,-0.18738469409420977,-1,-1
33,0.5,LASSO (Standard),embedded,0.2852969793313813,0.1349182798796481,-0.21470302066861868,-0.3650817201203519,-1,-1
34,1.0,LASSO (Standard),embedded,0.48898168850249357,1.1540897095547487,-0.5110183114975064,0.15408970955474866,-1,0
35,1.0,LASSO (Standard),embedded,1.0994405098032363,1.6351626685509841,0.09944050980323627,0.6351626685509841,0,1
36,1.5,LASSO (Standard),embedded,1.2617198374297625,0.7367674795677893,-0.23828016257023754,-0.7632325204322107,-1,-1
37,1.0,LASSO (Standard),embedded,1.4262272025337488,1.31036920760611,0.4262272025337488,0.31036920760611,0,0
38,2.0,LASSO (Standard),embedded,1.7722341966856912,1.4714863515429708,-0.22776580331430885,-0.5285136484570292,0,-1
39,2.0,LASSO (Standard),embedded,1.7141683307039712,1.409750880031647,-0.28583166929602877,-0.590249119968353,0,-1
40,2.0,LASSO (Standard),embedded,1.7728151011631912,1.7512082916099387,-0.2271848988368088,-0.24879170839006126,0,0
41,2.5,LASSO (Standard),embedded,2.217141701340749,2.609731482464223,-0.28285829865925116,0.10973148246422282,-1,0
42,2.0,LASSO (Standard),embedded,2.0856329518728978,2.392713159829058,0.08563295187289777,0.3927131598290581,0,0
43,2.5,LASSO (Standard),embedded,1.9412644503020517,2.2279996104307322,-0.5587355496979483,-0.27200038956926775,-1,-1
44,0.0,LASSO (Standard),embedded,0.9796695334539691,0.7016035417551181,0.9796695334539691,0.7016035417551181,1,1
45,2.0,LASSO (Standard),embedded,2.764042308167001,1.4945818643392765,0.7640423081670011,-0.5054181356607235,1,-1
46,2.0,LASSO (Standard),embedded,2.0539681572143254,2.7032787960354283,0.05396815721432535,0.7032787960354283,0,1
47,1.0,LASSO (Standard),embedded,1.6147887112020456,1.4944832103966552,0.6147887112020456,0.4944832103966552,1,0
48,1.5,LASSO (Standard),embedded,1.6259048918235488,1.6100174203831852,0.1259048918235488,0.11001742038318518,0,0
49,2.0,LASSO (Standard),embedded,1.2807979934333185,1.3160103615721441,-0.7192020065666815,-0.6839896384278559,-1,-1
50,1.5,LASSO (Standard),embedded,1.6527259475993095,1.791148818029206,0.15272594759930946,0.2911488180292059,0,0
51,1.5,LASSO (Standard),embedded,1.1297550257758324,0.8674658932302879,-0.3702449742241676,-0.6325341067697121,-1,-1
52,1.0,LASSO (Standard),embedded,1.2713275057320572,1.5092160314759555,0.2713275057320572,0.5092160314759555,0,1
0,0.5,ElasticNet,embedded,1.3890562469611618,2.1067432717820687,0.8890562469611618,1.6067432717820687,0,1
1,1.5,ElasticNet,embedded,2.3187509973356697,3.0814681806558504,0.8187509973356697,1.5814681806558504,0,1
2,2.5,ElasticNet,embedded,1.5770374968680474,1.1295444783524804,-0.9229625031319526,-1.3704555216475196,-1,-2
3,2.0,ElasticNet,embedded,1.4251072953673072,1.5672745889082664,-0.5748927046326928,-0.43272541109173357,-1,0
4,2.5,ElasticNet,embedded,2.2749849253861956,2.087223958410876,-0.22501507461380443,-0.4127760415891242,-1,-1
5,1.5,ElasticNet,embedded,2.0726352135661,2.339744832119315,0.5726352135660999,0.8397448321193148,0,0
6,2.0,ElasticNet,embedded,1.983944503415304,1.2441990727453862,-0.01605549658469596,-0.7558009272546138,0,-1
7,2.0,ElasticNet,embedded,2.272332517627093,2.611637616791182,0.2723325176270932,0.6116376167911821,0,1
8,1.0,ElasticNet,embedded,0.9779130111036278,0.8101576450998045,-0.022086988896372173,-0.18984235490019552,0,0
9,1.0,ElasticNet,embedded,0.9546622088625409,0.8599200071618291,-0.04533779113745906,-0.14007999283817085,0,0
10,1.5,ElasticNet,embedded,1.0061157823809044,0.8345748116813982,-0.4938842176190956,-0.6654251883186018,-1,-1
11,1.0,ElasticNet,embedded,1.3034798566851036,1.0672186411938984,0.3034798566851036,0.06721864119389842,0,0
12,1.0,ElasticNet,embedded,1.3731160551028956,1.0661274008686243,0.3731160551028956,0.06612740086862434,0,0
13,1.0,ElasticNet,embedded,1.8965224912858385,1.1768288026732519,0.8965224912858385,0.17682880267325185,1,0
14,0.5,ElasticNet,embedded,0.3816970469570825,0.39304619767067295,-0.11830295304291749,-0.10695380232932705,-1,-1
15,1.5,ElasticNet,embedded,0.6460858308068775,0.39327551433329666,-0.8539141691931225,-1.1067244856667033,-1,-2
16,0.5,ElasticNet,embedded,0.5089188383179432,0.7442189456075414,0.008918838317943156,0.24421894560754143,0,0
17,1.0,ElasticNet,embedded,1.472920645455967,1.1978970053318876,0.4729206454559669,0.1978970053318876,0,0
18,0.5,ElasticNet,embedded,1.323051746632003,1.469401260512221,0.8230517466320031,0.9694012605122211,0,0
19,1.0,ElasticNet,embedded,1.2143259618373254,1.0185429900213063,0.21432596183732544,0.018542990021306327,0,0
20,0.5,ElasticNet,embedded,0.8173919031522341,0.9113963403494758,0.3173919031522341,0.4113963403494758,0,0
21,1.0,ElasticNet,embedded,1.2264840404584534,0.9870447095770352,0.22648404045845338,-0.012955290422964838,0,0
22,1.0,ElasticNet,embedded,0.9250368923916057,0.7854803222348214,-0.07496310760839431,-0.21451967776517855,0,0
23,1.0,ElasticNet,embedded,0.41854264602111135,1.204956031667316,-0.5814573539788886,0.20495603166731602,-1,0
24,1.0,ElasticNet,embedded,0.9192562176266741,0.5270761207459594,-0.08074378237332591,-0.47292387925404056,0,0
25,3.0,ElasticNet,embedded,2.4339414346662873,3.6368248995298833,-0.5660585653337127,0.6368248995298833,-1,1
26,3.5,ElasticNet,embedded,3.0498479900109685,3.553354046936458,-0.4501520099890315,0.053354046936457955,-1,0
27,0.0,ElasticNet,embedded,0.6903178044880787,0.5324536676976956,0.6903178044880787,0.5324536676976956,1,1
28,0.0,ElasticNet,embedded,0.5825727177666112,0.6048566467231185,0.5825727177666112,0.6048566467231185,1,1
29,0.5,ElasticNet,embedded,0.39456925045929403,0.5678552574779793,-0.10543074954070597,0.06785525747797927,-1,0
30,1.0,ElasticNet,embedded,0.36235007474924985,0.13190658296466096,-0.6376499252507501,-0.868093417035339,-1,-1
31,0.5,ElasticNet,embedded,0.8860698485640839,0.9223491337947978,0.3860698485640839,0.42234913379479777,0,0
32,0.5,ElasticNet,embedded,0.24703964699350234,0.5421879734453809,-0.25296035300649766,0.042187973445380944,-1,0
33,0.5,ElasticNet,embedded,0.3216457909794188,0.45942200409056144,-0.1783542090205812,-0.04057799590943856,-1,-1
34,1.0,ElasticNet,embedded,0.49040094994330174,1.4559351666281195,-0.5095990500566983,0.4559351666281195,-1,0
35,1.0,ElasticNet,embedded,1.1353987316296505,1.3218723666213656,0.13539873162965055,0.32187236662136565,0,0
36,1.5,ElasticNet,embedded,1.2330058311622056,1.5161848178773731,-0.26699416883779437,0.016184817877373137,-1,0
37,1.0,ElasticNet,embedded,1.4781465342100042,1.4300201536643231,0.4781465342100042,0.4300201536643231,0,0
38,2.0,ElasticNet,embedded,1.7088475656225874,1.376179427608892,-0.29115243437741256,-0.6238205723911081,0,-1
39,2.0,ElasticNet,embedded,1.646503745377442,1.590402947868913,-0.35349625462255796,-0.409597052131087,0,0
40,2.0,ElasticNet,embedded,1.823343689156868,1.915882025444421,-0.17665631084313205,-0.0841179745555789,0,0
41,2.5,ElasticNet,embedded,2.213853081792483,2.071384329725851,-0.28614691820751714,-0.4286156702741488,-1,-1
42,2.0,ElasticNet,embedded,2.1735407365943304,3.2757922177543772,0.17354073659433045,1.2757922177543772,0,1
43,2.5,ElasticNet,embedded,1.942088256583891,2.1671171783020435,-0.5579117434161089,-0.33288282169795647,-1,-1
44,0.0,ElasticNet,embedded,0.9767642411659034,0.137869124250034,0.9767642411659034,0.137869124250034,1,0
45,2.0,ElasticNet,embedded,2.798156735309586,1.867013295377229,0.7981567353095862,-0.13298670462277107,1,0
46,2.0,ElasticNet,embedded,2.1709014510242564,2.7735595844589453,0.17090145102425636,0.7735595844589453,0,1
47,1.0,ElasticNet,embedded,1.6099434509367987,1.4711699321431666,0.6099434509367987,0.4711699321431666,1,0
48,1.5,ElasticNet,embedded,1.6192278739082664,1.75844572377527,0.11922787390826639,0.25844572377527,0,0
49,2.0,ElasticNet,embedded,1.2981079925364476,1.1035059065893456,-0.7018920074635524,-0.8964940934106544,-1,-1
50,1.5,ElasticNet,embedded,1.607469236199432,1.5193973701673256,0.10746923619943205,0.019397370167325567,0,0
51,1.5,ElasticNet,embedded,1.084436504875298,0.7229164259910974,-0.41556349512470203,-0.7770835740089026,-1,-1
52,1.0,ElasticNet,embedded,1.289143079474303,1.0796423617844364,0.28914307947430307,0.0796423617844364,0,0
0,0.5,Adaptive LASSO,embedded,1.3590682444225877,1.05716029589442,0.8590682444225877,0.55716029589442,0,0
1,1.5,Adaptive LASSO,embedded,2.054904125215441,2.5947754849843285,0.5549041252154412,1.0947754849843285,0,1
2,2.5,Adaptive LASSO,embedded,1.5965407452490181,1.5174165993546727,-0.9034592547509819,-0.9825834006453273,-1,-1
3,2.0,Adaptive LASSO,embedded,1.374673152137308,1.0924291075540111,-0.6253268478626921,-0.9075708924459889,-1,-1
4,2.5,Adaptive LASSO,embedded,2.198155311135322,2.219495292022728,-0.3018446888646782,-0.280504707977272,-1,-1
5,1.5,Adaptive LASSO,embedded,1.7009692275361636,2.0295267421425702,0.20096922753616364,0.5295267421425702,0,0
6,2.0,Adaptive LASSO,embedded,2.199329084020115,1.9422864141623835,0.19932908402011495,-0.05771358583761654,0,0
7,2.0,Adaptive LASSO,embedded,2.1114335089999408,2.721108939665475,0.11143350899994076,0.7211089396654748,0,1
8,1.0,Adaptive LASSO,embedded,0.7518873703300267,0.7396782245304772,-0.24811262966997327,-0.26032177546952284,0,0
9,1.0,Adaptive LASSO,embedded,0.7604222238141695,0.5363439657633733,-0.23957777618583054,-0.4636560342366267,0,0
10,1.5,Adaptive LASSO,embedded,1.1728030512452932,1.0784383875800976,-0.32719694875470684,-0.4215616124199024,-1,-1
11,1.0,Adaptive LASSO,embedded,1.1994904116092808,1.1022488551104266,0.19949041160928083,0.10224885511042658,0,0
12,1.0,Adaptive LASSO,embedded,1.3546690660034661,1.1468413950858638,0.35466906600346615,0.1468413950858638,0,0
13,1.0,Adaptive LASSO,embedded,1.809125587391085,1.0294818398977554,0.809125587391085,0.029481839897755435,1,0
14,0.5,Adaptive LASSO,embedded,0.44505095358731905,0.5052092938036739,-0.054949046412680946,0.005209293803673853,-1,0
15,1.5,Adaptive LASSO,embedded,0.7358863854751692,0.7230981766605424,-0.7641136145248308,-0.7769018233394576,-1,-1
16,0.5,Adaptive LASSO,embedded,0.49800117926910836,0.8927779484708223,-0.0019988207308916373,0.39277794847082226,-1,0
17,1.0,Adaptive LASSO,embedded,1.7076739730170984,1.3399502790305382,0.7076739730170984,0.3399502790305382,1,0
18,0.5,Adaptive LASSO,embedded,1.259726654283616,0.9098998907111626,0.7597266542836161,0.4098998907111626,0,0
19,1.0,Adaptive LASSO,embedded,1.171683497748608,0.9745180858295772,0.17168349774860792,-0.02548191417042278,0,0
20,0.5,Adaptive LASSO,embedded,0.7820857256978209,0.9240490162515547,0.28208572569782087,0.42404901625155467,0,0
21,1.0,Adaptive LASSO,embedded,1.1726491054321788,3.0883932197120583,0.17264910543217882,2.0883932197120583,0,2
22,1.0,Adaptive LASSO,embedded,0.9675401644911432,1.0926765734657904,-0.03245983550885678,0.09267657346579039,0,0
23,1.0,Adaptive LASSO,embedded,0.54633185480751,0.9593856886119072,-0.45366814519249,-0.040614311388092794,0,0
24,1.0,Adaptive LASSO,embedded,1.0998503639286552,0.8927487597095907,0.0998503639286552,-0.10725124029040933,0,0
25,3.0,Adaptive LASSO,embedded,2.5925752096255446,3.018121456225476,-0.40742479037445545,0.018121456225475896,0,0
26,3.5,Adaptive LASSO,embedded,2.9978407721718097,5.073016595405715,-0.5021592278281903,1.573016595405715,-1,0
27,0.0,Adaptive LASSO,embedded,0.5805065897926985,0.6159202890238723,0.5805065897926985,0.6159202890238723,1,1
28,0.0,Adaptive LASSO,embedded,0.3168071634891907,0.26281047025175774,0.3168071634891907,0.26281047025175774,0,0
29,0.5,Adaptive LASSO,embedded,0.05620728286346277,0.4560101173384776,-0.44379271713653723,-0.04398988266152237,-1,-1
30,1.0,Adaptive LASSO,embedded,0.28637769712817196,0.1724123789353213,-0.713622302871828,-0.8275876210646786,-1,-1
31,0.5,Adaptive LASSO,embedded,0.871954781226012,0.8191958220178487,0.371954781226012,0.3191958220178487,0,0
32,0.5,Adaptive LASSO,embedded,0.2903163927637644,-0.09515461305168682,-0.20968360723623558,-0.5951546130516868,-1,-1
33,0.5,Adaptive LASSO,embedded,0.1910250098610411,0.34664199202737256,-0.3089749901389589,-0.15335800797262744,-1,-1
34,1.0,Adaptive LASSO,embedded,0.6517030443036774,0.679402790525622,-0.3482969556963226,-0.320597209474378,0,0
35,1.0,Adaptive LASSO,embedded,0.9379512860906931,0.9024401779790205,-0.062048713909306885,-0.09755982202097946,0,0
36,1.5,Adaptive LASSO,embedded,1.3396444060799986,1.2427888043109672,-0.16035559392000143,-0.25721119568903283,-1,-1
37,1.0,Adaptive LASSO,embedded,1.4711318922946393,1.5782269943490856,0.47113189229463925,0.5782269943490856,0,1
38,2.0,Adaptive LASSO,embedded,1.7095831474974617,1.6535425472807461,-0.29041685250253835,-0.3464574527192539,0,0
39,2.0,Adaptive LASSO,embedded,1.7509997263830213,1.606985153309373,-0.24900027361697874,-0.3930148466906269,0,0
40,2.0,Adaptive LASSO,embedded,1.7614544898264157,1.839340304748346,-0.23854551017358427,-0.1606596952516539,0,0
41,2.5,Adaptive LASSO,embedded,2.2459629108318557,2.395319849080126,-0.25403708916814427,-0.10468015091987404,-1,-1
42,2.0,Adaptive LASSO,embedded,2.2063714767414306,2.442208946702273,0.20637147674143064,0.44220894670227295,0,0
43,2.5,Adaptive LASSO,embedded,2.068068294609798,1.9876542144919933,-0.43193170539020187,-0.5123457855080067,-1,-1
44,0.0,Adaptive LASSO,embedded,1.0111477256143455,0.9498653944371822,1.0111477256143455,0.9498653944371822,1,1
45,2.0,Adaptive LASSO,embedded,1.8173370249076966,1.1835429449933546,-0.18266297509230345,-0.8164570550066454,0,-1
46,2.0,Adaptive LASSO,embedded,2.4442812931664504,1.5636083220767483,0.4442812931664504,-0.43639167792325173,0,0
47,1.0,Adaptive LASSO,embedded,1.6593957834859472,1.9375564725125303,0.6593957834859472,0.9375564725125303,1,1
48,1.5,Adaptive LASSO,embedded,1.6510691837011857,1.1760830026798432,0.15106918370118572,-0.3239169973201568,0,-1
49,2.0,Adaptive LASSO,embedded,1.3024955270803873,1.4038171355321412,-0.6975044729196127,-0.5961828644678588,-1,-1
50,1.5,Adaptive LASSO,embedded,1.738225307002338,1.882216622836968,0.2382253070023379,0.3822166228369679,0,0
51,1.5,Adaptive LASSO,embedded,1.0675028715964012,0.5310451719108628,-0.4324971284035988,-0.9689548280891372,-1,-1
52,1.0,Adaptive LASSO,embedded,1.166658984078078,0.8180771643654015,0.1666589840780781,-0.18192283563459855,0,0
0,0.5,LARS,embedded,1.4086685148950704,4.976622983177841,0.9086685148950704,4.476622983177841,0,3
1,1.5,LARS,embedded,2.319472709982188,3.275901271229006,0.8194727099821879,1.775901271229006,0,1
2,2.5,LARS,embedded,1.5750270102034158,1.0756327796092886,-0.9249729897965842,-1.4243672203907114,-1,-2
3,2.0,LARS,embedded,1.4471035164932704,1.4769628910711357,-0.5528964835067296,-0.5230371089288643,-1,-1
4,2.5,LARS,embedded,2.282393209048913,3.0473036835059784,-0.21760679095108681,0.5473036835059784,-1,0
5,1.5,LARS,embedded,2.0804114620167127,1.3930384627814236,0.5804114620167127,-0.10696153721857637,0,-1
6,2.0,LARS,embedded,2.0176701131302015,1.4458956381357442,0.017670113130201504,-0.5541043618642558,0,-1
7,2.0,LARS,embedded,2.2554039418166654,2.3877297216395785,0.25540394181666537,0.38772972163957853,0,0
8,1.0,LARS,embedded,0.9587140518398054,0.058515350989416404,-0.0412859481601946,-0.9414846490105836,0,-1
9,1.0,LARS,embedded,0.9285734262467151,0.8264538637692063,-0.07142657375328487,-0.17354613623079373,0,0
10,1.5,LARS,embedded,1.0265146226408266,1.153760918320384,-0.4734853773591734,-0.3462390816796159,-1,-1
11,1.0,LARS,embedded,1.3580171172009516,1.530659552727815,0.35801711720095164,0.5306595527278151,0,1
12,1.0,LARS,embedded,1.3901694977868777,0.3701759477261142,0.3901694977868777,-0.6298240522738858,0,-1
13,1.0,LARS,embedded,1.8946133983687545,0.4850667272523172,0.8946133983687545,-0.5149332727476827,1,-1
14,0.5,LARS,embedded,0.35245800000266425,0.3551837264446862,-0.14754199999733575,-0.1448162735553138,-1,-1
15,1.5,LARS,embedded,0.6482223393870852,0.7667914715980075,-0.8517776606129148,-0.7332085284019925,-1,-1
16,0.5,LARS,embedded,0.4288265478696952,0.04112262506762146,-0.07117345213030479,-0.45887737493237857,-1,-1
17,1.0,LARS,embedded,1.4254078701053465,0.24274441157936036,0.42540787010534653,-0.7572555884206397,0,-1
18,0.5,LARS,embedded,1.3057365467666786,0.5699716144017186,0.8057365467666786,0.06997161440171862,0,0
19,1.0,LARS,embedded,1.110290822849761,1.6249126019872142,0.110290822849761,0.6249126019872142,0,1
20,0.5,LARS,embedded,0.8361073178772692,1.416780605020265,0.3361073178772692,0.9167806050202649,0,0
21,1.0,LARS,embedded,1.2001973779415476,0.2250619411323657,0.20019737794154757,-0.7749380588676343,0,-1
22,1.0,LARS,embedded,0.8935449188239855,0.1438245306586711,-0.10645508117601454,-0.8561754693413289,0,-1
23,1.0,LARS,embedded,0.39203551218674393,1.444770772353248,-0.6079644878132561,0.4447707723532479,-1,0
24,1.0,LARS,embedded,1.074569647894571,0.946402198606006,0.07456964789457099,-0.05359780139399395,0,0
25,3.0,LARS,embedded,2.5171250629657504,2.7056073259185895,-0.48287493703424955,-0.29439267408141045,0,0
26,3.5,LARS,embedded,3.0890148058541778,0.8660182727583875,-0.41098519414582224,-2.6339817272416126,-1,-3
27,0.0,LARS,embedded,0.6798992456572678,0.8440891861364699,0.6798992456572678,0.8440891861364699,1,1
28,0.0,LARS,embedded,0.5165731541630733,0.6717195467971016,0.5165731541630733,0.6717195467971016,1,1
29,0.5,LARS,embedded,0.2679486292675124,0.6368779811972848,-0.2320513707324876,0.13687798119728478,-1,0
30,1.0,LARS,embedded,0.26554763264019887,-0.14349880609718968,-0.7344523673598011,-1.1434988060971896,-1,-1
31,0.5,LARS,embedded,0.8842231850644685,0.7420065070925127,0.3842231850644685,0.2420065070925127,0,0
32,0.5,LARS,embedded,0.37000578258439065,0.9143098840888475,-0.12999421741560935,0.4143098840888475,-1,0
33,0.5,LARS,embedded,0.2833868854459649,0.45024602486205356,-0.2166131145540351,-0.04975397513794644,-1,-1
34,1.0,LARS,embedded,0.49011112577148197,1.035878113360271,-0.509888874228518,0.035878113360271024,-1,0
35,1.0,LARS,embedded,1.1022758192274607,1.4606403915262045,0.10227581922746065,0.4606403915262045,0,0
36,1.5,LARS,embedded,1.2619518891288006,0.5898132411655176,-0.23804811087119937,-0.9101867588344824,-1,-1
37,1.0,LARS,embedded,1.4227094938018747,1.0948152200292718,0.4227094938018747,0.09481522002927179,0,0
38,2.0,LARS,embedded,1.7692723281794218,0.875523391514101,-0.23072767182057818,-1.124476608485899,0,-1
39,2.0,LARS,embedded,1.712912151669281,1.0135232628912474,-0.2870878483307191,-0.9864767371087526,0,-1
40,2.0,LARS,embedded,1.7721456890892298,1.546556082671298,-0.22785431091077024,-0.45344391732870193,0,0
41,2.5,LARS,embedded,2.216435485771126,2.6985011714943767,-0.28356451422887385,0.19850117149437674,-1,0
42,2.0,LARS,embedded,2.085550229059668,2.9786293914654838,0.08555022905966814,0.9786293914654838,0,1
43,2.5,LARS,embedded,1.9338665114613929,1.9622232119579064,-0.5661334885386071,-0.5377767880420936,-1,-1
44,0.0,LARS,embedded,0.9839528446809136,1.0466396734580439,0.9839528446809136,1.0466396734580439,1,1
45,2.0,LARS,embedded,2.75702693017566,1.9552215677861355,0.7570269301756598,-0.04477843221386446,1,0
46,2.0,LARS,embedded,2.0485984834925586,2.4251570343859865,0.048598483492558575,0.4251570343859865,0,0
47,1.0,LARS,embedded,1.6124105530203974,0.7246186552463936,0.6124105530203974,-0.2753813447536064,1,0
48,1.5,LARS,embedded,1.6278523854878515,2.253285664911809,0.1278523854878515,0.7532856649118091,0,0
49,2.0,LARS,embedded,1.2764524642502244,1.3064945426671595,-0.7235475357497756,-0.6935054573328405,-1,-1
50,1.5,LARS,embedded,1.635565189526163,1.4600832662189125,0.13556518952616292,-0.03991673378108751,0,-1
51,1.5,LARS,embedded,1.1288814770122548,0.616989502053442,-0.37111852298774517,-0.883010497946558,-1,-1
52,1.0,LARS,embedded,1.2719522315512146,0.31434610938617613,0.2719522315512146,-0.6856538906138239,0,-1
0,0.5,RF Importance,embedded,1.156,0.34048529586306486,0.6559999999999999,-0.15951470413693514,0,-1
1,1.5,RF Importance,embedded,2.506,2.4008917775639858,1.0059999999999998,0.9008917775639858,1,0
2,2.5,RF Importance,embedded,1.961,1.4272557401057624,-0.5389999999999999,-1.0727442598942376,-1,-2
3,2.0,RF Importance,embedded,1.188,0.980176227011483,-0.812,-1.019823772988517,-1,-1
4,2.5,RF Importance,embedded,2.502,2.2997614593976117,0.0019999999999997797,-0.20023854060238833,0,-1
5,1.5,RF Importance,embedded,1.893,0.874102234880362,0.393,-0.625897765119638,0,-1
6,2.0,RF Importance,embedded,1.701,2.0595076509956356,-0.29899999999999993,0.0595076509956356,0,0
7,2.0,RF Importance,embedded,1.831,1.9943069342274322,-0.16900000000000004,-0.005693065772567785,0,0
8,1.0,RF Importance,embedded,1.056,0.23792684402131076,0.05600000000000005,-0.7620731559786893,0,-1
9,1.0,RF Importance,embedded,0.475,-0.12516629710111407,-0.525,-1.125166297101114,-1,-1
10,1.5,RF Importance,embedded,0.796,0.18843581834222387,-0.704,-1.311564181657776,-1,-2
11,1.0,RF Importance,embedded,0.658,0.10387048102275812,-0.34199999999999997,-0.8961295189772419,0,-1
12,1.0,RF Importance,embedded,1.29,1.0014712855909575,0.29000000000000004,0.0014712855909575495,0,0
13,1.0,RF Importance,embedded,1.385,0.5959423663100198,0.385,-0.40405763368998016,0,0
14,0.5,RF Importance,embedded,0.494,0.5320253984074321,-0.006000000000000005,0.032025398407432126,-1,0
15,1.5,RF Importance,embedded,1.068,0.27475810194757766,-0.43199999999999994,-1.2252418980524222,-1,-2
16,0.5,RF Importance,embedded,0.518,0.4885356776898179,0.018000000000000016,-0.011464322310182073,0,-1
17,1.0,RF Importance,embedded,1.161,0.40404596034571344,0.16100000000000003,-0.5959540396542866,0,-1
18,0.5,RF Importance,embedded,0.456,0.008668528921115071,-0.043999999999999984,-0.4913314710788849,-1,-1
19,1.0,RF Importance,embedded,1.05,0.021160215738519488,0.050000000000000044,-0.9788397842614805,0,-1
20,0.5,RF Importance,embedded,0.896,0.12455518553625873,0.396,-0.3754448144637413,0,-1
21,1.0,RF Importance,embedded,1.106,-0.01565325539247323,0.1060000000000001,-1.0156532553924733,0,-1
22,1.0,RF Importance,embedded,1.17,0.4462247592226275,0.16999999999999993,-0.5537752407773725,0,-1
23,1.0,RF Importance,embedded,0.809,0.2971673088510206,-0.19099999999999995,-0.7028326911489794,0,-1
24,1.0,RF Importance,embedded,1.617,0.1267627449348251,0.617,-0.8732372550651749,1,-1
25,3.0,RF Importance,embedded,2.55,2.9873095197249433,-0.4500000000000002,-0.012690480275056704,0,0
26,3.5,RF Importance,embedded,2.283,2.3905652250850573,-1.217,-1.1094347749149427,-2,-2
27,0.0,RF Importance,embedded,0.859,0.27571866740428663,0.859,0.27571866740428663,1,0
28,0.0,RF Importance,embedded,0.711,0.06087005110689335,0.711,0.06087005110689335,1,0
29,0.5,RF Importance,embedded,0.29,0.13375037098534517,-0.21000000000000002,-0.36624962901465485,-1,-1
30,1.0,RF Importance,embedded,0.429,0.034881572554784454,-0.571,-0.9651184274452156,-1,-1
31,0.5,RF Importance,embedded,1.322,0.6519024432764811,0.8220000000000001,0.15190244327648106,0,0
32,0.5,RF Importance,embedded,0.584,0.3992445357117104,0.08399999999999996,-0.10075546428828958,0,-1
33,0.5,RF Importance,embedded,0.493,0.4772733934993614,-0.007000000000000006,-0.022726606500638624,-1,-1
34,1.0,RF Importance,embedded,1.15,0.28386814905641145,0.1499999999999999,-0.7161318509435886,0,-1
35,1.0,RF Importance,embedded,1.148,0.2324181389334788,0.1479999999999999,-0.7675818610665213,0,-1
36,1.5,RF Importance,embedded,1.761,0.9976431781314127,0.2609999999999999,-0.5023568218685873,0,-1
37,1.0,RF Importance,embedded,1.725,0.9627130069886152,0.7250000000000001,-0.03728699301138483,1,0
38,2.0,RF Importance,embedded,1.931,2.1249555549418186,-0.06899999999999995,0.12495555494181865,0,0
39,2.0,RF Importance,embedded,1.969,1.6439161732021215,-0.030999999999999917,-0.35608382679787853,0,0
40,2.0,RF Importance,embedded,1.78,1.781914265104295,-0.21999999999999997,-0.21808573489570504,0,0
41,2.5,RF Importance,embedded,1.858,2.1063054729675583,-0.6419999999999999,-0.3936945270324417,-1,-1
42,2.0,RF Importance,embedded,2.114,3.0702536028090908,0.11399999999999988,1.0702536028090908,0,1
43,2.5,RF Importance,embedded,2.356,2.3679117832159484,-0.14400000000000013,-0.13208821678405158,-1,-1
44,0.0,RF Importance,embedded,0.693,0.32934384961849317,0.693,0.32934384961849317,1,0
45,2.0,RF Importance,embedded,1.225,1.521979031296942,-0.7749999999999999,-0.4780209687030581,-1,0
46,2.0,RF Importance,embedded,1.757,1.1865398496703168,-0.2430000000000001,-0.8134601503296832,0,-1
47,1.0,RF Importance,embedded,1.545,1.4091056399973287,0.5449999999999999,0.40910563999732874,1,0
48,1.5,RF Importance,embedded,1.635,1.5109984877214089,0.135,0.010998487721408878,0,0
49,2.0,RF Importance,embedded,1.716,1.1045901306591206,-0.28400000000000003,-0.8954098693408794,0,-1
50,1.5,RF Importance,embedded,1.844,1.7415961703172897,0.3440000000000001,0.24159617031728975,0,0
51,1.5,RF Importance,embedded,1.123,0.24555310654148693,-0.377,-1.2544468934585131,-1,-2
52,1.0,RF Importance,embedded,1.213,0.2447278249773493,0.21300000000000008,-0.7552721750226508,0,-1
0,0.5,Extra Trees,embedded,1.155,1.1814647239113825,0.655,0.6814647239113825,0,0
1,1.5,Extra Trees,embedded,2.345,2.0978150938359015,0.8450000000000002,0.5978150938359015,0,0
2,2.5,Extra Trees,embedded,1.642,1.4972001018105046,-0.8580000000000001,-1.0027998981894954,-1,-2
3,2.0,Extra Trees,embedded,1.133,1.1564699443210684,-0.867,-0.8435300556789316,-1,-1
4,2.5,Extra Trees,embedded,2.161,2.0193491816631037,-0.33899999999999997,-0.48065081833689627,-1,-1
5,1.5,Extra Trees,embedded,1.371,1.8168689197751156,-0.129,0.31686891977511555,-1,0
6,2.0,Extra Trees,embedded,1.701,1.4703062590623392,-0.29899999999999993,-0.5296937409376608,0,-1
7,2.0,Extra Trees,embedded,2.016,1.6215815176245996,0.016000000000000014,-0.37841848237540043,0,0
8,1.0,Extra Trees,embedded,0.995,0.6550464736784712,-0.0050000000000000044,-0.34495352632152876,0,0
9,1.0,Extra Trees,embedded,0.869,-0.023356984238616874,-0.131,-1.023356984238617,0,-1
10,1.5,Extra Trees,embedded,0.817,1.0162823396778504,-0.683,-0.4837176603221496,-1,-1
11,1.0,Extra Trees,embedded,0.739,0.5292559864477234,-0.261,-0.4707440135522766,0,0
12,1.0,Extra Trees,embedded,1.339,0.9448263514731116,0.33899999999999997,-0.05517364852688844,0,0
13,1.0,Extra Trees,embedded,1.671,1.795241663765926,0.671,0.7952416637659261,1,1
14,0.5,Extra Trees,embedded,0.445,0.2365046028625286,-0.05499999999999999,-0.2634953971374714,-1,-1
15,1.5,Extra Trees,embedded,1.057,0.5000145408419281,-0.44300000000000006,-0.9999854591580719,-1,-1
16,0.5,Extra Trees,embedded,0.61,1.1526799812314699,0.10999999999999999,0.6526799812314699,0,0
17,1.0,Extra Trees,embedded,1.217,0.811407970657783,0.21700000000000008,-0.18859202934221697,0,0
18,0.5,Extra Trees,embedded,0.46,0.5196670304147921,-0.03999999999999998,0.01966703041479212,-1,0
19,1.0,Extra Trees,embedded,1.116,0.39900275928902484,0.1160000000000001,-0.6009972407109752,0,-1
20,0.5,Extra Trees,embedded,0.886,0.34248295089432,0.386,-0.15751704910567998,0,-1
21,1.0,Extra Trees,embedded,1.174,1.9783169041245605,0.17399999999999993,0.9783169041245605,0,1
22,1.0,Extra Trees,embedded,1.055,0.22968048339221592,0.05499999999999994,-0.7703195166077841,0,-1
23,1.0,Extra Trees,embedded,0.827,1.5999497289427458,-0.17300000000000004,0.5999497289427458,0,1
24,1.0,Extra Trees,embedded,1.389,0.7624802408335061,0.389,-0.23751975916649393,0,0
25,3.0,Extra Trees,embedded,2.522,2.6296230623102557,-0.4780000000000002,-0.37037693768974433,0,0
26,3.5,Extra Trees,embedded,2.366,2.8341069045885026,-1.134,-0.6658930954114974,-2,-1
27,0.0,Extra Trees,embedded,0.691,0.6425376136382349,0.691,0.6425376136382349,1,1
28,0.0,Extra Trees,embedded,0.613,0.41034903655022326,0.613,0.41034903655022326,1,0
29,0.5,Extra Trees,embedded,0.286,0.6511681846385232,-0.21400000000000002,0.15116818463852322,-1,0
30,1.0,Extra Trees,embedded,0.463,0.3111629569130824,-0.5369999999999999,-0.6888370430869176,-1,-1
31,0.5,Extra Trees,embedded,1.224,0.3856595337169003,0.724,-0.11434046628309968,0,-1
32,0.5,Extra Trees,embedded,0.441,0.26917322541358724,-0.059,-0.23082677458641276,-1,-1
33,0.5,Extra Trees,embedded,0.494,0.7440223065549302,-0.006000000000000005,0.24402230655493018,-1,0
34,1.0,Extra Trees,embedded,1.028,0.9147821028607633,0.028000000000000025,-0.08521789713923666,0,0
35,1.0,Extra Trees,embedded,1.19,1.1272498829883637,0.18999999999999995,0.1272498829883637,0,0
36,1.5,Extra Trees,embedded,1.814,2.1501805534531386,0.31400000000000006,0.6501805534531386,0,0
37,1.0,Extra Trees,embedded,1.736,1.7082235782479476,0.736,0.7082235782479476,1,1
38,2.0,Extra Trees,embedded,1.844,1.800247693797699,-0.15599999999999992,-0.199752306202301,0,0
39,2.0,Extra Trees,embedded,1.855,1.4441340506402893,-0.14500000000000002,-0.5558659493597107,0,-1
40,2.0,Extra Trees,embedded,1.9,2.2343900576747626,-0.10000000000000009,0.23439005767476262,0,0
41,2.5,Extra Trees,embedded,2.03,2.456588811769284,-0.4700000000000002,-0.04341118823071621,-1,-1
42,2.0,Extra Trees,embedded,2.502,3.2816401817183545,0.5019999999999998,1.2816401817183545,1,1
43,2.5,Extra Trees,embedded,2.518,2.268381935572593,0.017999999999999794,-0.23161806442740707,0,-1
44,0.0,Extra Trees,embedded,0.576,0.7051709768002543,0.576,0.7051709768002543,1,1
45,2.0,Extra Trees,embedded,1.443,1.9979947770714013,-0.5569999999999999,-0.0020052229285987266,-1,0
46,2.0,Extra Trees,embedded,1.907,1.7928680114322102,-0.09299999999999997,-0.2071319885677898,0,0
47,1.0,Extra Trees,embedded,1.215,1.7695638251586427,0.21500000000000008,0.7695638251586427,0,1
48,1.5,Extra Trees,embedded,1.559,1.3422403657951163,0.05899999999999994,-0.1577596342048837,0,-1
49,2.0,Extra Trees,embedded,1.676,1.633780760956498,-0.32400000000000007,-0.36621923904350195,0,0
50,1.5,Extra Trees,embedded,1.803,1.6570044590219994,0.30299999999999994,0.15700445902199944,0,0
51,1.5,Extra Trees,embedded,1.117,0.5490660527651722,-0.383,-0.9509339472348278,-1,-1
52,1.0,Extra Trees,embedded,1.234,0.4059770320745031,0.23399999999999999,-0.5940229679254969,0,-1
0,0.5,Gradient Boosting,embedded,1.5534373270757467,0.9051965153513675,1.0534373270757467,0.40519651535136747,1,0
1,1.5,Gradient Boosting,embedded,2.338130503681294,2.031737428012033,0.838130503681294,0.531737428012033,0,0
2,2.5,Gradient Boosting,embedded,2.103289389645312,1.556945227638871,-0.3967106103546878,-0.9430547723611289,-1,-1
3,2.0,Gradient Boosting,embedded,1.533610284642438,1.198530096978006,-0.466389715357562,-0.8014699030219941,0,-1
4,2.5,Gradient Boosting,embedded,2.660673888892428,1.9528070944731346,0.16067388889242817,-0.5471929055268654,0,-1
5,1.5,Gradient Boosting,embedded,1.9447554105357194,1.6940491161654863,0.44475541053571943,0.19404911616548626,0,0
6,2.0,Gradient Boosting,embedded,1.692255791558945,1.770886814444982,-0.3077442084410551,-0.22911318555501792,0,0
7,2.0,Gradient Boosting,embedded,2.1447061245442463,2.1224087209435925,0.14470612454424625,0.12240872094359245,0,0
8,1.0,Gradient Boosting,embedded,1.0130729126409435,0.6994226885052405,0.013072912640943457,-0.3005773114947595,0,0
9,1.0,Gradient Boosting,embedded,0.5395897418630748,0.3852586216306064,-0.46041025813692515,-0.6147413783693936,0,-1
10,1.5,Gradient Boosting,embedded,0.7593327457785106,0.749010174959525,-0.7406672542214894,-0.750989825040475,-1,-1
11,1.0,Gradient Boosting,embedded,0.5902503663882613,0.775587780324347,-0.40974963361173866,-0.22441221967565295,0,0
12,1.0,Gradient Boosting,embedded,1.3781480330642695,1.0381258723831874,0.3781480330642695,0.03812587238318743,0,0
13,1.0,Gradient Boosting,embedded,1.764332081626943,1.9090628195460062,0.764332081626943,0.9090628195460062,1,1
14,0.5,Gradient Boosting,embedded,0.33697221463517074,0.18413132694663792,-0.16302778536482926,-0.3158686730533621,-1,-1
15,1.5,Gradient Boosting,embedded,1.0251531607574764,0.7344226220462247,-0.4748468392425236,-0.7655773779537753,-1,-1
16,0.5,Gradient Boosting,embedded,0.7527303878767823,0.785569551816554,0.25273038787678226,0.28556955181655397,0,0
17,1.0,Gradient Boosting,embedded,1.2390716795996446,0.7883019648387222,0.2390716795996446,-0.21169803516127783,0,0
18,0.5,Gradient Boosting,embedded,0.6584199862519025,0.6311838179141517,0.15841998625190246,0.13118381791415168,0,0
19,1.0,Gradient Boosting,embedded,1.0460600629885992,0.7466756772525609,0.046060062988599215,-0.2533243227474391,0,0
20,0.5,Gradient Boosting,embedded,0.6643238461936045,0.6888912252154455,0.16432384619360452,0.18889122521544555,0,0
21,1.0,Gradient Boosting,embedded,1.195953005002756,1.9503601496016263,0.19595300500275603,0.9503601496016263,0,1
22,1.0,Gradient Boosting,embedded,1.1916393485184142,0.9426344415641827,0.19163934851841424,-0.057365558435817254,0,0
23,1.0,Gradient Boosting,embedded,0.604743157922827,1.6138758191790359,-0.39525684207717304,0.6138758191790359,0,1
24,1.0,Gradient Boosting,embedded,0.9928764647188756,0.8476695392291407,-0.007123535281124416,-0.15233046077085932,0,0
25,3.0,Gradient Boosting,embedded,2.8315327543550253,2.5388248291324316,-0.16846724564497473,-0.46117517086756843,0,0
26,3.5,Gradient Boosting,embedded,2.30834087410071,2.894384567254261,-1.1916591258992901,-0.605615432745739,-2,-1
27,0.0,Gradient Boosting,embedded,0.8091874774912441,0.5503983387114628,0.8091874774912441,0.5503983387114628,1,1
28,0.0,Gradient Boosting,embedded,0.5824369922805656,0.52987445566156,0.5824369922805656,0.52987445566156,1,1
29,0.5,Gradient Boosting,embedded,0.1751617044908038,0.18027441364338737,-0.3248382955091962,-0.31972558635661263,-1,-1
30,1.0,Gradient Boosting,embedded,0.3183840169581126,0.31872763554243705,-0.6816159830418874,-0.6812723644575629,-1,-1
31,0.5,Gradient Boosting,embedded,0.9090968649406835,1.1944834666388064,0.40909686494068354,0.6944834666388064,0,0
32,0.5,Gradient Boosting,embedded,0.5926784579696277,0.11335661325446889,0.0926784579696277,-0.3866433867455311,0,-1
33,0.5,Gradient Boosting,embedded,0.4324599113876671,0.5112658067031294,-0.0675400886123329,0.011265806703129377,-1,0
34,1.0,Gradient Boosting,embedded,1.141953287715576,0.8567248483056978,0.14195328771557603,-0.14327515169430216,0,0
35,1.0,Gradient Boosting,embedded,1.1286266883565037,1.2075844987493458,0.1286266883565037,0.2075844987493458,0,0
36,1.5,Gradient Boosting,embedded,1.6021360542301721,1.8356987258634128,0.10213605423017214,0.33569872586341276,0,0
37,1.0,Gradient Boosting,embedded,1.7948959937091344,1.4283333612886306,0.7948959937091344,0.42833336128863064,1,0
38,2.0,Gradient Boosting,embedded,1.5068007574142381,1.8287255700132365,-0.49319924258576187,-0.17127442998676345,0,0
39,2.0,Gradient Boosting,embedded,1.8361070841131677,1.5553969810412553,-0.1638929158868323,-0.44460301895874466,0,0
40,2.0,Gradient Boosting,embedded,1.6852293604946844,2.187586613385826,-0.3147706395053156,0.18758661338582616,0,0
41,2.5,Gradient Boosting,embedded,2.1188352501106875,2.275629124998504,-0.3811647498893125,-0.2243708750014961,-1,-1
42,2.0,Gradient Boosting,embedded,2.1314464994100573,2.9052016828161515,0.13144649941005726,0.9052016828161515,0,1
43,2.5,Gradient Boosting,embedded,2.7190404615967427,2.2818649931674506,0.21904046159674273,-0.21813500683254938,0,-1
44,0.0,Gradient Boosting,embedded,0.6814982917227207,0.7158015659227641,0.6814982917227207,0.7158015659227641,1,1
45,2.0,Gradient Boosting,embedded,1.8280912419750717,2.1157945651515653,-0.17190875802492833,0.11579456515156528,0,0
46,2.0,Gradient Boosting,embedded,1.802712331084619,1.2105971865651544,-0.19728766891538108,-0.7894028134348456,0,-1
47,1.0,Gradient Boosting,embedded,1.5879781054677113,1.8534888777039429,0.5879781054677113,0.8534888777039429,1,1
48,1.5,Gradient Boosting,embedded,1.3288857742132931,1.3965930912601991,-0.17111422578670687,-0.10340690873980085,-1,-1
49,2.0,Gradient Boosting,embedded,1.9551158740609573,1.4807732858690539,-0.044884125939042674,-0.5192267141309461,0,-1
50,1.5,Gradient Boosting,embedded,1.5515162730259917,1.667551714644039,0.05151627302599171,0.16755171464403906,0,0
51,1.5,Gradient Boosting,embedded,1.6017579699758904,0.6568929266327435,0.10175796997589037,-0.8431070733672565,0,-1
52,1.0,Gradient Boosting,embedded,0.8063680098526387,0.7324493828466874,-0.19363199014736132,-0.26755061715331263,0,0
0,0.5,XGBoost,embedded,1.1064305305480957,1.2767753956886234,0.6064305305480957,0.7767753956886234,0,0
1,1.5,XGBoost,embedded,2.500398874282837,2.4396415848310484,1.000398874282837,0.9396415848310484,1,0
2,2.5,XGBoost,embedded,2.0002059936523438,1.495692923794322,-0.49979400634765625,-1.004307076205678,-1,-2
3,2.0,XGBoost,embedded,1.1498222351074219,1.1824021182420728,-0.8501777648925781,-0.8175978817579272,-1,-1
4,2.5,XGBoost,embedded,1.9566371440887451,2.044864100955797,-0.5433628559112549,-0.45513589904420293,-1,-1
5,1.5,XGBoost,embedded,2.0390806198120117,1.3858796548279648,0.5390806198120117,-0.11412034517203518,0,-1
6,2.0,XGBoost,embedded,1.769034743309021,1.8085330785579976,-0.230965256690979,-0.1914669214420024,0,0
7,2.0,XGBoost,embedded,1.8184425830841064,2.1284329095983674,-0.18155741691589355,0.1284329095983674,0,0
8,1.0,XGBoost,embedded,0.9631603360176086,1.0679477724630992,-0.03683966398239136,0.06794777246309924,0,0
9,1.0,XGBoost,embedded,0.5708959102630615,0.6423583121409921,-0.4291040897369385,-0.35764168785900785,0,0
10,1.5,XGBoost,embedded,0.6937565207481384,1.14475856973149,-0.8062434792518616,-0.35524143026851007,-1,-1
11,1.0,XGBoost,embedded,0.842179000377655,0.7171174963704403,-0.15782099962234497,-0.2828825036295597,0,0
12,1.0,XGBoost,embedded,1.120721697807312,0.9585287060086543,0.12072169780731201,-0.04147129399134575,0,0
13,1.0,XGBoost,embedded,1.0102214813232422,0.7829927536575084,0.010221481323242188,-0.21700724634249158,0,0
14,0.5,XGBoost,embedded,0.3158312737941742,0.5996618568798306,-0.1841687262058258,0.09966185687983065,-1,0
15,1.5,XGBoost,embedded,1.0889636278152466,0.7599608882975711,-0.4110363721847534,-0.7400391117024289,-1,-1
16,0.5,XGBoost,embedded,0.5342721343040466,0.3349767760670231,0.03427213430404663,-0.16502322393297691,0,-1
17,1.0,XGBoost,embedded,1.1428238153457642,1.3979190073162964,0.14282381534576416,0.39791900731629637,0,0
18,0.5,XGBoost,embedded,0.1476150006055832,0.5011889838645831,-0.3523849993944168,0.0011889838645831041,-1,0
19,1.0,XGBoost,embedded,1.0982496738433838,1.009568732829557,0.09824967384338379,0.009568732829557058,0,0
20,0.5,XGBoost,embedded,0.8535363674163818,0.6733842242197622,0.35353636741638184,0.17338422421976218,0,0
21,1.0,XGBoost,embedded,1.2157111167907715,0.928493563504086,0.21571111679077148,-0.07150643649591404,0,0
22,1.0,XGBoost,embedded,1.131788730621338,0.9303256886797051,0.1317887306213379,-0.06967431132029489,0,0
23,1.0,XGBoost,embedded,0.9657113552093506,0.8510842895566335,-0.034288644790649414,-0.1489157104433665,0,0
24,1.0,XGBoost,embedded,1.5320285558700562,0.8372242171912341,0.5320285558700562,-0.16277578280876592,1,0
25,3.0,XGBoost,embedded,2.577585458755493,2.6504021875821193,-0.42241454124450684,-0.3495978124178807,0,0
26,3.5,XGBoost,embedded,2.4234180450439453,2.9455374362867244,-1.0765819549560547,-0.5544625637132756,-2,-1
27,0.0,XGBoost,embedded,0.9131019115447998,0.6030909096541214,0.9131019115447998,0.6030909096541214,1,1
28,0.0,XGBoost,embedded,0.6538182497024536,0.7109953856600776,0.6538182497024536,0.7109953856600776,1,1
29,0.5,XGBoost,embedded,0.2762451469898224,0.6386364796447848,-0.2237548530101776,0.13863647964478476,-1,0
30,1.0,XGBoost,embedded,0.531991720199585,0.7996578751172985,-0.46800827980041504,-0.20034212488270153,0,0
31,0.5,XGBoost,embedded,0.9797335863113403,0.8138096060846843,0.47973358631134033,0.31380960608468433,0,0
32,0.5,XGBoost,embedded,0.3939765393733978,0.6208864149664333,-0.10602346062660217,0.12088641496643326,-1,0
33,0.5,XGBoost,embedded,0.6483796238899231,0.6506668745042415,0.1483796238899231,0.15066687450424154,0,0
34,1.0,XGBoost,embedded,1.053769588470459,0.9595316675313493,0.053769588470458984,-0.04046833246865067,0,0
35,1.0,XGBoost,embedded,0.9936783313751221,0.9058625899692926,-0.00632166862487793,-0.09413741003070741,0,0
36,1.5,XGBoost,embedded,1.7686800956726074,1.1094455990305563,0.2686800956726074,-0.3905544009694437,0,-1
37,1.0,XGBoost,embedded,1.6810449361801147,0.958451915149501,0.6810449361801147,-0.04154808485049899,1,0
38,2.0,XGBoost,embedded,1.6277979612350464,2.0399252232786966,-0.3722020387649536,0.03992522327869663,0,0
39,2.0,XGBoost,embedded,2.034862756729126,1.753567828234922,0.03486275672912598,-0.24643217176507792,0,0
40,2.0,XGBoost,embedded,1.533873200416565,1.7214864314229055,-0.46612679958343506,-0.27851356857709453,0,0
41,2.5,XGBoost,embedded,1.8654578924179077,2.277056622348342,-0.6345421075820923,-0.22294337765165784,-1,-1
42,2.0,XGBoost,embedded,1.791776418685913,2.6509735845091384,-0.20822358131408691,0.6509735845091384,0,1
43,2.5,XGBoost,embedded,2.8363866806030273,2.4292234666783803,0.33638668060302734,-0.0707765333216197,0,-1
44,0.0,XGBoost,embedded,0.8590995669364929,0.27465456460481197,0.8590995669364929,0.27465456460481197,1,0
45,2.0,XGBoost,embedded,1.539504885673523,1.6745799962916177,-0.46049511432647705,-0.3254200037083823,0,0
46,2.0,XGBoost,embedded,2.2871901988983154,1.7397890891213534,0.28719019889831543,-0.26021091087864656,0,0
47,1.0,XGBoost,embedded,1.652513861656189,2.010701766858338,0.652513861656189,1.0107017668583378,1,1
48,1.5,XGBoost,embedded,1.9279067516326904,2.196877910303053,0.42790675163269043,0.6968779103030531,0,0
49,2.0,XGBoost,embedded,1.8411954641342163,1.5515553614223605,-0.1588045358657837,-0.4484446385776395,0,0
50,1.5,XGBoost,embedded,1.5881338119506836,1.6801108486977148,0.0881338119506836,0.18011084869771476,0,0
51,1.5,XGBoost,embedded,1.0053993463516235,0.9480226531820084,-0.49460065364837646,-0.5519773468179916,-1,-1
52,1.0,XGBoost,embedded,1.2448710203170776,0.8949501860561025,0.24487102031707764,-0.10504981394389745,0,0
0,0.5,Permutation Importance,embedded,1.0716666666666668,1.3475827483921539,0.5716666666666668,0.8475827483921539,0,0
1,1.5,Permutation Importance,embedded,2.5383333333333336,2.424491507845423,1.0383333333333336,0.9244915078454232,1,0
2,2.5,Permutation Importance,embedded,2.0816666666666666,1.6239888637828084,-0.41833333333333345,-0.8760111362171916,-1,-1
3,2.0,Permutation Importance,embedded,1.3,1.139975755102399,-0.7,-0.860024244897601,-1,-1
4,2.5,Permutation Importance,embedded,2.53,2.37069111527639,0.029999999999999805,-0.1293088847236099,0,-1
5,1.5,Permutation Importance,embedded,2.3766666666666665,1.0232580565676392,0.8766666666666665,-0.47674194343236076,0,-1
6,2.0,Permutation Importance,embedded,1.5416666666666667,2.088733171753613,-0.45833333333333326,0.08873317175361306,0,0
7,2.0,Permutation Importance,embedded,1.9983333333333333,2.2432553602479235,-0.0016666666666667052,0.2432553602479235,0,0
8,1.0,Permutation Importance,embedded,1.1933333333333334,0.9995372739600599,0.19333333333333336,-0.0004627260399401312,0,0
9,1.0,Permutation Importance,embedded,0.35833333333333334,0.6389167227786515,-0.6416666666666666,-0.3610832772213485,-1,0
10,1.5,Permutation Importance,embedded,1.0033333333333334,0.9742736007182291,-0.4966666666666666,-0.5257263992817709,-1,-1
11,1.0,Permutation Importance,embedded,0.7383333333333333,0.6879663904403991,-0.2616666666666667,-0.3120336095596009,0,0
12,1.0,Permutation Importance,embedded,1.3433333333333333,1.0375354525873626,0.34333333333333327,0.03753545258736257,0,0
13,1.0,Permutation Importance,embedded,1.2583333333333333,1.148478640025366,0.2583333333333333,0.14847864002536593,0,0
14,0.5,Permutation Importance,embedded,0.5216666666666666,0.681780308013014,0.021666666666666612,0.18178030801301404,0,0
15,1.5,Permutation Importance,embedded,1.0883333333333334,0.8728789132283358,-0.4116666666666666,-0.6271210867716642,-1,-1
16,0.5,Permutation Importance,embedded,0.5233333333333333,0.7424923418513896,0.023333333333333317,0.24249234185138957,0,0
17,1.0,Permutation Importance,embedded,1.5316666666666667,1.4775120304925649,0.5316666666666667,0.47751203049256485,1,0
18,0.5,Permutation Importance,embedded,0.37666666666666665,0.484217688593951,-0.12333333333333335,-0.01578231140604902,-1,-1
19,1.0,Permutation Importance,embedded,1.0316666666666667,0.9315696992093363,0.03166666666666673,-0.0684303007906637,0,0
20,0.5,Permutation Importance,embedded,0.7983333333333333,0.6632313294099084,0.29833333333333334,0.16323132940990837,0,0
21,1.0,Permutation Importance,embedded,1.285,1.6414515629269455,0.2849999999999999,0.6414515629269455,0,1
22,1.0,Permutation Importance,embedded,1.1583333333333334,0.8366847876870179,0.15833333333333344,-0.16331521231298207,0,0
23,1.0,Permutation Importance,embedded,0.6983333333333334,1.2111496022495736,-0.30166666666666664,0.21114960224957358,0,0
24,1.0,Permutation Importance,embedded,1.0533333333333332,0.9283754271653095,0.05333333333333323,-0.07162457283469048,0,0
25,3.0,Permutation Importance,embedded,2.7933333333333334,3.216417525876478,-0.20666666666666655,0.21641752587647778,0,0
26,3.5,Permutation Importance,embedded,2.2933333333333334,2.526164846707383,-1.2066666666666666,-0.973835153292617,-2,-1
27,0.0,Permutation Importance,embedded,0.875,0.5687033491570039,0.875,0.5687033491570039,1,1
28,0.0,Permutation Importance,embedded,0.7183333333333334,0.49326930420647463,0.7183333333333334,0.49326930420647463,1,0
29,0.5,Permutation Importance,embedded,0.27,0.46526500286512823,-0.22999999999999998,-0.03473499713487177,-1,-1
30,1.0,Permutation Importance,embedded,0.45166666666666666,0.5024296759988535,-0.5483333333333333,-0.49757032400114654,-1,0
31,0.5,Permutation Importance,embedded,1.1466666666666667,1.1709508026982591,0.6466666666666667,0.6709508026982591,0,0
32,0.5,Permutation Importance,embedded,0.5883333333333334,0.6150287266599783,0.08833333333333337,0.11502872665997832,0,0
33,0.5,Permutation Importance,embedded,0.49333333333333335,0.6086452755934108,-0.006666666666666654,0.10864527559341075,-1,0
34,1.0,Permutation Importance,embedded,1.31,0.8641732250380557,0.31000000000000005,-0.13582677496194429,0,0
35,1.0,Permutation Importance,embedded,1.1133333333333333,1.065338431173401,0.11333333333333329,0.0653384311734011,0,0
36,1.5,Permutation Importance,embedded,1.6766666666666667,1.071635061288841,0.17666666666666675,-0.428364938711159,0,-1
37,1.0,Permutation Importance,embedded,1.92,1.3631159326845859,0.9199999999999999,0.36311593268458586,1,0
38,2.0,Permutation Importance,embedded,1.915,2.2678346714008057,-0.08499999999999996,0.26783467140080575,0,0
39,2.0,Permutation Importance,embedded,1.9266666666666667,1.5201061472256985,-0.07333333333333325,-0.4798938527743015,0,0
40,2.0,Permutation Importance,embedded,1.6616666666666666,1.5662356289603583,-0.3383333333333334,-0.4337643710396417,0,0
41,2.5,Permutation Importance,embedded,1.8633333333333333,2.025370552212771,-0.6366666666666667,-0.4746294477872288,-1,-1
42,2.0,Permutation Importance,embedded,1.93,2.4997390483746322,-0.07000000000000006,0.49973904837463223,0,0
43,2.5,Permutation Importance,embedded,2.4966666666666666,2.3003616119079178,-0.0033333333333334103,-0.19963838809208223,-1,-1
44,0.0,Permutation Importance,embedded,0.695,0.28181709445990855,0.695,0.28181709445990855,1,0
45,2.0,Permutation Importance,embedded,1.655,2.1652657998888962,-0.345,0.16526579988889623,0,0
46,2.0,Permutation Importance,embedded,1.39,1.3292644421866244,-0.6100000000000001,-0.6707355578133756,-1,-1
47,1.0,Permutation Importance,embedded,1.9083333333333334,2.0083521051243296,0.9083333333333334,1.0083521051243296,1,1
48,1.5,Permutation Importance,embedded,1.575,1.5473632780480477,0.07499999999999996,0.04736327804804774,0,0
49,2.0,Permutation Importance,embedded,1.8616666666666666,1.44786982343493,-0.13833333333333342,-0.5521301765650699,0,-1
50,1.5,Permutation Importance,embedded,1.5766666666666667,2.143356424541799,0.07666666666666666,0.6433564245417989,0,0
51,1.5,Permutation Importance,embedded,1.15,0.7965723175283703,-0.3500000000000001,-0.7034276824716297,-1,-1
52,1.0,Permutation Importance,embedded,1.1883333333333332,0.7189836249042576,0.18833333333333324,-0.2810163750957424,0,0
0,0.5,Stability Selection,embedded,1.2335434715283655,0.3468359203470208,0.7335434715283655,-0.15316407965297918,0,-1
1,1.5,Stability Selection,embedded,2.074265971852535,1.9025777079794737,0.5742659718525349,0.4025777079794737,0,0
2,2.5,Stability Selection,embedded,1.5063715000654265,0.6192053323067386,-0.9936284999345735,-1.8807946676932614,-1,-2
3,2.0,Stability Selection,embedded,1.3889728667628447,0.787083891763733,-0.6110271332371553,-1.212916108236267,-1,-1
4,2.5,Stability Selection,embedded,2.1911131707802394,2.3691936243672593,-0.30888682921976063,-0.13080637563274067,-1,-1
5,1.5,Stability Selection,embedded,1.3922110996336567,0.13391951911512817,-0.10778890036634325,-1.3660804808848719,-1,-2
6,2.0,Stability Selection,embedded,1.9917812850501675,1.4254242559270123,-0.008218714949832506,-0.5745757440729877,0,-1
7,2.0,Stability Selection,embedded,2.041954989494311,2.526316863893644,0.04195498949431098,0.5263168638936442,0,1
8,1.0,Stability Selection,embedded,0.7964438369467839,0.4138975892659339,-0.2035561630532161,-0.5861024107340661,0,-1
9,1.0,Stability Selection,embedded,0.708414317370144,0.12206803968278693,-0.29158568262985596,-0.8779319603172131,0,-1
10,1.5,Stability Selection,embedded,1.151011722706999,0.37060348699539003,-0.3489882772930011,-1.12939651300461,-1,-2
11,1.0,Stability Selection,embedded,1.0396092010246665,-0.09470326551681375,0.039609201024666474,-1.0947032655168139,0,-1
12,1.0,Stability Selection,embedded,1.458228472285466,0.5719594688867403,0.4582284722854659,-0.4280405311132597,0,0
13,1.0,Stability Selection,embedded,1.1490541731970727,0.21623363277473023,0.1490541731970727,-0.7837663672252697,0,-1
14,0.5,Stability Selection,embedded,0.5860344456156701,0.37234057245627133,0.08603444561567009,-0.12765942754372867,0,-1
15,1.5,Stability Selection,embedded,0.7319954739918548,0.3740824764924551,-0.7680045260081452,-1.125917523507545,-1,-2
16,0.5,Stability Selection,embedded,0.5174220843257481,0.3154166461573686,0.0174220843257481,-0.18458335384263141,0,-1
17,1.0,Stability Selection,embedded,1.7523727364317758,0.718562000938307,0.7523727364317758,-0.281437999061693,1,0
18,0.5,Stability Selection,embedded,1.1764005922703542,0.16604042708378164,0.6764005922703542,-0.33395957291621836,0,-1
19,1.0,Stability Selection,embedded,1.3741220178277482,0.2467116678536975,0.37412201782774823,-0.7532883321463025,0,-1
20,0.5,Stability Selection,embedded,0.54182894235115,0.3570565839230843,0.04182894235114998,-0.14294341607691569,0,-1
21,1.0,Stability Selection,embedded,1.3597774200994401,0.27249343263174974,0.35977742009944014,-0.7275065673682503,0,-1
22,1.0,Stability Selection,embedded,0.996259628274763,0.16579912422201198,-0.0037403717252370017,-0.834200875777988,0,-1
23,1.0,Stability Selection,embedded,0.43678860476674974,0.6040856934940723,-0.5632113952332503,-0.39591430650592774,-1,0
24,1.0,Stability Selection,embedded,1.1283817876010338,-0.04069384864693098,0.1283817876010338,-1.040693848646931,0,-1
25,3.0,Stability Selection,embedded,2.6633790998704097,2.7250442161965696,-0.33662090012959034,-0.27495578380343044,0,0
26,3.5,Stability Selection,embedded,2.535326223840328,3.346145994066026,-0.964673776159672,-0.15385400593397414,-1,-1
27,0.0,Stability Selection,embedded,0.5288737920556736,0.3948253852434447,0.5288737920556736,0.3948253852434447,1,0
28,0.0,Stability Selection,embedded,0.21571355290205996,0.3945019001454159,0.21571355290205996,0.3945019001454159,0,0
29,0.5,Stability Selection,embedded,0.061067982067178006,0.3906381014734519,-0.438932017932822,-0.1093618985265481,-1,-1
30,1.0,Stability Selection,embedded,0.2432807726278492,0.24664157561018668,-0.7567192273721508,-0.7533584243898133,-1,-1
31,0.5,Stability Selection,embedded,0.8467312108977332,0.05089614198260195,0.3467312108977332,-0.44910385801739805,0,-1
32,0.5,Stability Selection,embedded,0.46462762913371214,0.4686531055021522,-0.03537237086628786,-0.03134689449784778,-1,-1
33,0.5,Stability Selection,embedded,0.2038650207746162,0.5164061563352317,-0.2961349792253838,0.01640615633523168,-1,0
34,1.0,Stability Selection,embedded,0.6855118404362902,0.3681384854004555,-0.3144881595637098,-0.6318615145995445,0,-1
35,1.0,Stability Selection,embedded,1.1536611878338063,0.1629530153069933,0.15366118783380633,-0.8370469846930066,0,-1
36,1.5,Stability Selection,embedded,1.560708610100311,0.7421305146399172,0.06070861010031092,-0.7578694853600828,0,-1
37,1.0,Stability Selection,embedded,1.375412583168836,0.8247115693133121,0.37541258316883597,-0.17528843068668787,0,0
38,2.0,Stability Selection,embedded,1.977808773898024,1.9495996035971284,-0.022191226101976103,-0.05040039640287164,0,0
39,2.0,Stability Selection,embedded,1.9231419432421188,2.091035976974793,-0.07685805675788115,0.09103597697479282,0,0
40,2.0,Stability Selection,embedded,1.905639923813836,2.1890907144755882,-0.09436007618616404,0.18909071447558823,0,0
41,2.5,Stability Selection,embedded,2.421059668825162,2.8043861295419608,-0.07894033117483801,0.30438612954196076,-1,0
42,2.0,Stability Selection,embedded,2.0906339730751724,2.4189537477981338,0.0906339730751724,0.41895374779813377,0,0
43,2.5,Stability Selection,embedded,2.166060271168454,2.0856596263352434,-0.3339397288315462,-0.4143403736647566,-1,-1
44,0.0,Stability Selection,embedded,1.0564914815749142,0.15148797167336042,1.0564914815749142,0.15148797167336042,1,0
45,2.0,Stability Selection,embedded,2.2999218981720193,1.4108651759751518,0.2999218981720193,-0.5891348240248482,0,-1
46,2.0,Stability Selection,embedded,2.004820693184307,2.025908267087848,0.00482069318430689,0.025908267087848103,0,0
47,1.0,Stability Selection,embedded,1.7081923701089634,0.730682350591437,0.7081923701089634,-0.26931764940856295,1,0
48,1.5,Stability Selection,embedded,1.6534977508370254,1.465214025774243,0.15349775083702544,-0.03478597422575702,0,-1
49,2.0,Stability Selection,embedded,1.8480077846580802,2.0543285686284,-0.15199221534191976,0.054328568628399854,0,0
50,1.5,Stability Selection,embedded,1.789618883100855,1.659924789252685,0.28961888310085504,0.15992478925268494,0,0
51,1.5,Stability Selection,embedded,0.9243451678933525,0.024509560784346282,-0.5756548321066475,-1.4754904392156538,-1,-2
52,1.0,Stability Selection,embedded,1.0816436618218945,0.07163704430212359,0.08164366182189453,-0.9283629556978764,0,-1
0,0.5,RFECV (RF),wrapper,1.2250926830015705,0.08200529483553518,0.7250926830015705,-0.4179947051644648,0,-1
1,1.5,RFECV (RF),wrapper,2.584281203484175,3.7074767951370906,1.0842812034841751,2.2074767951370906,1,2
2,2.5,RFECV (RF),wrapper,1.4286562514916055,0.17265832359055985,-1.0713437485083945,-2.32734167640944,-2,-3
3,2.0,RFECV (RF),wrapper,1.2237214357799318,0.3590436609246145,-0.7762785642200682,-1.6409563390753856,-1,-2
4,2.5,RFECV (RF),wrapper,2.0301250699179754,1.654113767089789,-0.46987493008202463,-0.845886232910211,-1,-1
5,1.5,RFECV (RF),wrapper,1.3098099285342122,-0.1374564246409325,-0.1901900714657878,-1.6374564246409324,-1,-2
6,2.0,RFECV (RF),wrapper,1.7318364868092442,0.298792551737226,-0.2681635131907558,-1.701207448262774,0,-2
7,2.0,RFECV (RF),wrapper,1.8457396460406263,2.5907793191879396,-0.15426035395937365,0.5907793191879396,0,1
8,1.0,RFECV (RF),wrapper,1.2428177914065381,1.0840859291196931,0.24281779140653814,0.08408592911969315,0,0
9,1.0,RFECV (RF),wrapper,1.3819901431973896,1.46809967556066,0.38199014319738955,0.4680996755606599,0,0
10,1.5,RFECV (RF),wrapper,0.9904834329472417,1.0947937427569112,-0.5095165670527583,-0.4052062572430888,-1,-1
11,1.0,RFECV (RF),wrapper,1.1976613066650936,3.0617215928890076,0.19766130666509363,2.0617215928890076,0,2
12,1.0,RFECV (RF),wrapper,1.505402770582616,-0.007592932709866884,0.5054027705826161,-1.007592932709867,1,-1
13,1.0,RFECV (RF),wrapper,1.859817186705575,2.734220191679102,0.859817186705575,1.734220191679102,1,2
14,0.5,RFECV (RF),wrapper,1.1604600312910092,-0.3150753094842835,0.6604600312910092,-0.8150753094842835,0,-1
15,1.5,RFECV (RF),wrapper,1.1939444924328368,0.8994656724135749,-0.30605550756716315,-0.6005343275864251,-1,-1
16,0.5,RFECV (RF),wrapper,1.2007744849682236,0.03356904231908436,0.7007744849682236,-0.46643095768091564,0,-1
17,1.0,RFECV (RF),wrapper,1.5111808484234592,0.8428515223916406,0.5111808484234592,-0.15714847760835937,1,0
18,0.5,RFECV (RF),wrapper,1.2121264061122934,0.6906427371399806,0.7121264061122934,0.1906427371399806,0,0
19,1.0,RFECV (RF),wrapper,1.414116512768048,0.5204410792206504,0.41411651276804795,-0.4795589207793496,0,0
20,0.5,RFECV (RF),wrapper,1.099660777210703,0.47021955874831145,0.599660777210703,-0.02978044125168855,0,-1
21,1.0,RFECV (RF),wrapper,1.4008586775900866,4.241068533663495,0.40085867759008664,3.241068533663495,0,3
22,1.0,RFECV (RF),wrapper,1.0746103133329796,-1.1754423830904752,0.07461031333297963,-2.175442383090475,0,-1
23,1.0,RFECV (RF),wrapper,1.2241026505370063,-0.31179299839011376,0.2241026505370063,-1.3117929983901138,0,-1
24,1.0,RFECV (RF),wrapper,1.2983616473499393,1.3721420626276677,0.2983616473499393,0.3721420626276677,0,0
25,3.0,RFECV (RF),wrapper,2.417137565309723,2.0347900439148683,-0.5828624346902771,-0.9652099560851317,-1,-1
26,3.5,RFECV (RF),wrapper,2.131258297250656,0.7714933703453751,-1.368741702749344,-2.7285066296546248,-2,-3
27,0.0,RFECV (RF),wrapper,1.1322006746752784,0.21198508105881347,1.1322006746752784,0.21198508105881347,1,0
28,0.0,RFECV (RF),wrapper,1.1435040325841983,0.0037491973102995457,1.1435040325841983,0.0037491973102995457,1,0
29,0.5,RFECV (RF),wrapper,0.8131783658539221,0.2391337629368468,0.3131783658539221,-0.2608662370631532,0,-1
30,1.0,RFECV (RF),wrapper,0.9561134131586675,0.34501754421044994,-0.04388658684133251,-0.65498245578955,0,-1
31,0.5,RFECV (RF),wrapper,1.5333241814938996,-0.47146682824186775,1.0333241814938996,-0.9714668282418677,1,-1
32,0.5,RFECV (RF),wrapper,0.9102764925861436,0.9715801556623862,0.4102764925861436,0.4715801556623862,0,0
33,0.5,RFECV (RF),wrapper,0.8959193622088774,1.3040610146799738,0.39591936220887736,0.8040610146799738,0,0
34,1.0,RFECV (RF),wrapper,1.0121379915133484,0.4141414500986158,0.012137991513348378,-0.5858585499013842,0,-1
35,1.0,RFECV (RF),wrapper,1.3634997225465832,1.4068754158636212,0.36349972254658325,0.4068754158636212,0,0
36,1.5,RFECV (RF),wrapper,1.5786938673916238,0.43110811566667084,0.07869386739162376,-1.068891884333329,0,-2
37,1.0,RFECV (RF),wrapper,2.060864892050393,1.7480262676505325,1.0608648920503931,0.7480262676505325,1,1
38,2.0,RFECV (RF),wrapper,2.2183965785481488,2.318547632649136,0.21839657854814876,0.3185476326491359,0,0
39,2.0,RFECV (RF),wrapper,2.0847882894033107,1.0062710212704147,0.08478828940331073,-0.9937289787295853,0,-1
40,2.0,RFECV (RF),wrapper,2.2374438534075356,2.5192906017258982,0.2374438534075356,0.5192906017258982,0,1
41,2.5,RFECV (RF),wrapper,2.2299795203327446,1.5211491714241936,-0.2700204796672554,-0.9788508285758064,-1,-1
42,2.0,RFECV (RF),wrapper,2.572646086665267,2.746159536460874,0.5726460866652672,0.746159536460874,1,1
43,2.5,RFECV (RF),wrapper,2.3610969300661173,2.196060695757485,-0.13890306993388268,-0.3039393042425149,-1,-1
44,0.0,RFECV (RF),wrapper,1.3592446251429757,0.23152301943025877,1.3592446251429757,0.23152301943025877,1,0
45,2.0,RFECV (RF),wrapper,1.7059823901108966,0.9291304375164455,-0.2940176098891034,-1.0708695624835545,0,-1
46,2.0,RFECV (RF),wrapper,1.6685745243751986,3.640992815695072,-0.3314254756248014,1.6409928156950722,0,2
47,1.0,RFECV (RF),wrapper,1.5389130651427951,1.02780929487733,0.5389130651427951,0.027809294877330082,1,0
48,1.5,RFECV (RF),wrapper,1.7288435745503326,1.8302428690508814,0.22884357455033255,0.3302428690508814,0,0
49,2.0,RFECV (RF),wrapper,1.7843063942979365,0.6494741429484566,-0.21569360570206353,-1.3505258570515433,0,-1
50,1.5,RFECV (RF),wrapper,1.9305769033102476,0.736587697312847,0.43057690331024756,-0.763412302687153,0,-1
51,1.5,RFECV (RF),wrapper,1.2460884678914963,0.1274720000951272,-0.2539115321085037,-1.3725279999048727,-1,-2
52,1.0,RFECV (RF),wrapper,1.2953620741139054,0.6761153496461467,0.29536207411390536,-0.3238846503538533,0,0
0,0.5,RFECV (SVR),wrapper,0.6783562875741245,0.8387516495022846,0.17835628757412447,0.33875164950228465,0,0
1,1.5,RFECV (SVR),wrapper,0.3037872410726974,0.8537456339346821,-1.1962127589273026,-0.6462543660653179,-2,-1
2,2.5,RFECV (SVR),wrapper,1.0242508219585746,1.136876095406837,-1.4757491780414254,-1.363123904593163,-2,-2
3,2.0,RFECV (SVR),wrapper,1.0239437333266295,1.0922896487718075,-0.9760562666733705,-0.9077103512281925,-1,-1
4,2.5,RFECV (SVR),wrapper,0.9560595688274578,1.0267368963629724,-1.5439404311725422,-1.4732631036370276,-2,-2
5,1.5,RFECV (SVR),wrapper,0.9363835534309857,1.0196293915704173,-0.5636164465690143,-0.4803706084295827,-1,-1
6,2.0,RFECV (SVR),wrapper,1.3925256088307525,1.5491794101641085,-0.6074743911692475,-0.45082058983589146,-1,0
7,2.0,RFECV (SVR),wrapper,1.2909239366950986,1.4234953777658728,-0.7090760633049014,-0.5765046222341272,-1,-1
8,1.0,RFECV (SVR),wrapper,1.2447401792020119,0.9903145422888598,0.24474017920201185,-0.009685457711140155,0,0
9,1.0,RFECV (SVR),wrapper,1.0495217037936222,1.200832179051945,0.049521703793622196,0.20083217905194495,0,0
10,1.5,RFECV (SVR),wrapper,1.0392259684878096,0.9854857580666004,-0.46077403151219043,-0.5145142419333996,-1,-1
11,1.0,RFECV (SVR),wrapper,1.1042062214057853,1.4936411433801744,0.10420622140578528,0.4936411433801744,0,0
12,1.0,RFECV (SVR),wrapper,1.2417982618994907,0.6520632187945576,0.24179826189949072,-0.34793678120544236,0,0
13,1.0,RFECV (SVR),wrapper,1.0471544402766342,1.2331213683323914,0.04715444027663418,0.2331213683323914,0,0
14,0.5,RFECV (SVR),wrapper,1.259958529810267,1.611717888764919,0.7599585298102669,1.111717888764919,0,1
15,1.5,RFECV (SVR),wrapper,1.4397880934900182,1.8993143397281191,-0.06021190650998176,0.39931433972811914,-1,0
16,0.5,RFECV (SVR),wrapper,1.6290866293836301,1.2053405640421186,1.1290866293836301,0.7053405640421186,1,0
17,1.0,RFECV (SVR),wrapper,1.2130008665453034,0.9830137148614695,0.21300086654530337,-0.01698628513853051,0,0
18,0.5,RFECV (SVR),wrapper,0.7578055062291948,0.8329074559956774,0.25780550622919485,0.3329074559956774,0,0
19,1.0,RFECV (SVR),wrapper,1.0074284655125754,0.7035272825921068,0.007428465512575366,-0.29647271740789316,0,0
20,0.5,RFECV (SVR),wrapper,1.0050197870408077,1.421211974162585,0.5050197870408077,0.921211974162585,0,0
21,1.0,RFECV (SVR),wrapper,1.1749867352051895,1.4013640716175244,0.17498673520518948,0.4013640716175244,0,0
22,1.0,RFECV (SVR),wrapper,0.9541058819236006,1.4535120452426495,-0.045894118076399426,0.45351204524264954,0,0
23,1.0,RFECV (SVR),wrapper,1.275140522313711,1.493872001673924,0.2751405223137109,0.493872001673924,0,0
24,1.0,RFECV (SVR),wrapper,0.9027069504988714,1.283809104189191,-0.0972930495011286,0.28380910418919103,0,0
25,3.0,RFECV (SVR),wrapper,1.2137450987294762,1.3100583015560936,-1.7862549012705238,-1.6899416984439064,-2,-2
26,3.5,RFECV (SVR),wrapper,1.937040955668608,1.0159130903938427,-1.562959044331392,-2.484086909606157,-2,-3
27,0.0,RFECV (SVR),wrapper,0.9986217330193172,1.2403636328933316,0.9986217330193172,1.2403636328933316,1,1
28,0.0,RFECV (SVR),wrapper,1.068189351781736,1.1040935970944938,1.068189351781736,1.1040935970944938,1,1
29,0.5,RFECV (SVR),wrapper,1.0455074122472472,1.343025783952915,0.5455074122472472,0.8430257839529149,0,0
30,1.0,RFECV (SVR),wrapper,0.6847601448685674,0.9515596216456732,-0.3152398551314326,-0.048440378354326796,0,0
31,0.5,RFECV (SVR),wrapper,1.089553343506742,1.3263776753733325,0.5895533435067419,0.8263776753733325,0,0
32,0.5,RFECV (SVR),wrapper,0.8743900713688803,0.9871749963414946,0.37439007136888025,0.48717499634149464,0,0
33,0.5,RFECV (SVR),wrapper,1.0014395988454623,1.3058618065608432,0.5014395988454623,0.8058618065608432,0,0
34,1.0,RFECV (SVR),wrapper,1.77894943587003,1.9434061289968554,0.77894943587003,0.9434061289968554,1,1
35,1.0,RFECV (SVR),wrapper,1.2654586260366423,1.3612990150240676,0.2654586260366423,0.3612990150240676,0,0
36,1.5,RFECV (SVR),wrapper,1.1446957788166456,1.4109214370624534,-0.35530422118335436,-0.08907856293754657,-1,-1
37,1.0,RFECV (SVR),wrapper,1.2197855326692033,1.236620852872027,0.2197855326692033,0.23662085287202705,0,0
38,2.0,RFECV (SVR),wrapper,0.7836157021736434,0.6997956281691742,-1.2163842978263566,-1.3002043718308258,-1,-1
39,2.0,RFECV (SVR),wrapper,1.2350054433491013,1.3705225435304416,-0.7649945566508987,-0.6294774564695584,-1,-1
40,2.0,RFECV (SVR),wrapper,1.5820013210490644,1.7684849608647426,-0.41799867895093556,-0.2315150391352574,0,0
41,2.5,RFECV (SVR),wrapper,1.3817514048131494,1.59432889282709,-1.1182485951868506,-0.90567110717291,-2,-1
42,2.0,RFECV (SVR),wrapper,2.622536163462363,2.464272205732999,0.622536163462363,0.4642722057329989,1,0
43,2.5,RFECV (SVR),wrapper,1.6583261917213898,1.8444608324646155,-0.8416738082786102,-0.6555391675353845,-1,-1
44,0.0,RFECV (SVR),wrapper,0.9463312286463241,1.0798468798991085,0.9463312286463241,1.0798468798991085,1,1
45,2.0,RFECV (SVR),wrapper,1.5759916566349288,1.3323743166333697,-0.4240083433650712,-0.6676256833666303,0,-1
46,2.0,RFECV (SVR),wrapper,1.1655390169651803,1.4940908779598785,-0.8344609830348197,-0.5059091220401215,-1,-1
47,1.0,RFECV (SVR),wrapper,1.214101269905309,1.1490027068134558,0.2141012699053091,0.14900270681345584,0,0
48,1.5,RFECV (SVR),wrapper,0.9050640766944558,1.5085887727713292,-0.5949359233055442,0.00858877277132919,-1,0
49,2.0,RFECV (SVR),wrapper,1.1593888469441624,0.9910569035508299,-0.8406111530558376,-1.0089430964491701,-1,-1
50,1.5,RFECV (SVR),wrapper,1.400279818983309,1.2407931819392963,-0.099720181016691,-0.25920681806070367,-1,-1
51,1.5,RFECV (SVR),wrapper,1.1332750115319001,1.179729560239579,-0.36672498846809987,-0.320270439760421,-1,-1
52,1.0,RFECV (SVR),wrapper,1.3096660973136411,1.4884073681665113,0.30966609731364114,0.4884073681665113,0,0
0,0.5,RFECV (Lasso),wrapper,1.6602229544124227,1.6788987949469942,1.1602229544124227,1.1788987949469942,1,1
1,1.5,RFECV (Lasso),wrapper,1.6640431918960839,1.498016943035559,0.16404319189608385,-0.00198305696444101,0,-1
2,2.5,RFECV (Lasso),wrapper,1.737679880267318,1.6252061541463978,-0.7623201197326821,-0.8747938458536022,-1,-1
3,2.0,RFECV (Lasso),wrapper,1.5575107352539084,1.399047666557377,-0.4424892647460916,-0.600952333442623,0,-1
4,2.5,RFECV (Lasso),wrapper,2.0792381201093786,2.066718164678707,-0.4207618798906214,-0.43328183532129305,-1,-1
5,1.5,RFECV (Lasso),wrapper,1.871664976050624,1.5708439786853376,0.3716649760506241,0.07084397868533765,0,0
6,2.0,RFECV (Lasso),wrapper,1.9821440125352074,1.9090751392086904,-0.017855987464792555,-0.09092486079130957,0,0
7,2.0,RFECV (Lasso),wrapper,1.9749240528349286,2.1150955046917486,-0.025075947165071444,0.11509550469174856,0,0
8,1.0,RFECV (Lasso),wrapper,1.0834264830639169,0.9119271945932657,0.08342648306391687,-0.08807280540673434,0,0
9,1.0,RFECV (Lasso),wrapper,0.9321990760697016,0.8366532803499973,-0.06780092393029835,-0.1633467196500027,0,0
10,1.5,RFECV (Lasso),wrapper,1.5339324686500622,1.3020369613454812,0.033932468650062164,-0.1979630386545188,0,-1
11,1.0,RFECV (Lasso),wrapper,1.228815259182796,1.5869700325411635,0.2288152591827961,0.5869700325411635,0,1
12,1.0,RFECV (Lasso),wrapper,1.3190454369955804,1.0347722889173507,0.3190454369955804,0.034772288917350735,0,0
13,1.0,RFECV (Lasso),wrapper,2.081765166358276,2.39712971025392,1.081765166358276,1.3971297102539202,1,1
14,0.5,RFECV (Lasso),wrapper,0.6206964146398233,0.47065627707669677,0.12069641463982328,-0.029343722923303228,0,-1
15,1.5,RFECV (Lasso),wrapper,0.5572232726761064,0.8340226866552078,-0.9427767273238936,-0.6659773133447922,-1,-1
16,0.5,RFECV (Lasso),wrapper,0.6550644067864952,0.7946815201710622,0.15506440678649525,0.2946815201710622,0,0
17,1.0,RFECV (Lasso),wrapper,1.4594224478068676,1.419662523036343,0.4594224478068676,0.4196625230363431,0,0
18,0.5,RFECV (Lasso),wrapper,1.0739097019060293,0.9202160834233815,0.5739097019060293,0.42021608342338146,0,0
19,1.0,RFECV (Lasso),wrapper,1.1913123757424382,1.1519032527914983,0.1913123757424382,0.1519032527914983,0,0
20,0.5,RFECV (Lasso),wrapper,0.7096199792093635,0.6247480900822926,0.20961997920936348,0.1247480900822926,0,0
21,1.0,RFECV (Lasso),wrapper,1.0785545955110378,1.3963814972022222,0.07855459551103783,0.39638149720222215,0,0
22,1.0,RFECV (Lasso),wrapper,0.9961057282873811,1.0115648017705383,-0.003894271712618913,0.011564801770538313,0,0
23,1.0,RFECV (Lasso),wrapper,0.591668534939123,0.5175423491081003,-0.40833146506087703,-0.48245765089189974,0,0
24,1.0,RFECV (Lasso),wrapper,1.1812359495247795,0.9244951342677155,0.1812359495247795,-0.07550486573228454,0,0
25,3.0,RFECV (Lasso),wrapper,2.8132768106729027,2.501348372684152,-0.1867231893270973,-0.4986516273158479,0,0
26,3.5,RFECV (Lasso),wrapper,3.1852836158439475,3.1156120969480843,-0.3147163841560525,-0.3843879030519157,-1,-1
27,0.0,RFECV (Lasso),wrapper,0.461799137836971,0.282822070959602,0.461799137836971,0.282822070959602,0,0
28,0.0,RFECV (Lasso),wrapper,0.361272199649203,0.37526789828958457,0.361272199649203,0.37526789828958457,0,0
29,0.5,RFECV (Lasso),wrapper,0.03209912016242522,-0.08175881932587142,-0.4679008798375748,-0.5817588193258714,-1,-1
30,1.0,RFECV (Lasso),wrapper,0.29555389541722876,0.2922122958858725,-0.7044461045827712,-0.7077877041141275,-1,-1
31,0.5,RFECV (Lasso),wrapper,0.7318138582797807,0.7108594536121036,0.23181385827978074,0.21085945361210356,0,0
32,0.5,RFECV (Lasso),wrapper,0.7284901189557498,0.7676317073338275,0.22849011895574978,0.26763170733382746,0,0
33,0.5,RFECV (Lasso),wrapper,0.23804586172634257,0.2571305804824477,-0.26195413827365743,-0.2428694195175523,-1,-1
34,1.0,RFECV (Lasso),wrapper,0.6334738383283198,0.4305454624068544,-0.3665261616716802,-0.5694545375931457,0,-1
35,1.0,RFECV (Lasso),wrapper,0.9483715717740363,1.0094657486211405,-0.051628428225963696,0.009465748621140468,0,0
36,1.5,RFECV (Lasso),wrapper,1.4968921789372716,1.6674517702664384,-0.003107821062728444,0.16745177026643843,-1,0
37,1.0,RFECV (Lasso),wrapper,1.259801891957648,1.2771657601819835,0.2598018919576479,0.27716576018198347,0,0
38,2.0,RFECV (Lasso),wrapper,1.5701256591394595,1.5311893867352306,-0.42987434086054055,-0.46881061326476936,0,0
39,2.0,RFECV (Lasso),wrapper,1.452679905230502,1.538180373197454,-0.5473200947694981,-0.46181962680254607,-1,0
40,2.0,RFECV (Lasso),wrapper,1.53904083938799,1.7398722838923248,-0.46095916061201003,-0.26012771610767516,0,0
41,2.5,RFECV (Lasso),wrapper,2.2789197397073413,2.2235595388789164,-0.2210802602926587,-0.27644046112108356,-1,-1
42,2.0,RFECV (Lasso),wrapper,1.88292343217211,1.8877735248910525,-0.11707656782789,-0.11222647510894745,0,0
43,2.5,RFECV (Lasso),wrapper,2.3081484713905773,2.1410056823406753,-0.19185152860942267,-0.35899431765932466,-1,-1
44,0.0,RFECV (Lasso),wrapper,0.8890557621178301,0.7039716216165239,0.8890557621178301,0.7039716216165239,1,1
45,2.0,RFECV (Lasso),wrapper,1.8425230761634248,2.3018931580967696,-0.1574769238365752,0.30189315809676964,0,0
46,2.0,RFECV (Lasso),wrapper,1.589651232658331,1.935032813561321,-0.41034876734166903,-0.06496718643867894,0,0
47,1.0,RFECV (Lasso),wrapper,1.7963837647535401,1.60569198587556,0.7963837647535401,0.6056919858755601,1,1
48,1.5,RFECV (Lasso),wrapper,1.200109284575458,1.0154099437250663,-0.29989071542454204,-0.4845900562749337,-1,-1
49,2.0,RFECV (Lasso),wrapper,1.5704396959588867,1.7594994199939702,-0.42956030404111334,-0.2405005800060298,0,0
50,1.5,RFECV (Lasso),wrapper,1.648706875926531,1.6606409236437822,0.1487068759265311,0.16064092364378224,0,0
51,1.5,RFECV (Lasso),wrapper,1.2799059771684136,1.2263777700192504,-0.2200940228315864,-0.2736222299807496,-1,-1
52,1.0,RFECV (Lasso),wrapper,1.0637321606123724,1.0039913299781895,0.06373216061237241,0.003991329978189517,0,0
0,0.5,SFS Forward,wrapper,1.0996118317005092,1.5180702396350634,0.5996118317005092,1.0180702396350634,0,1
1,1.5,SFS Forward,wrapper,1.7492418745927716,1.768310253423282,0.24924187459277158,0.26831025342328196,0,0
2,2.5,SFS Forward,wrapper,1.6133673752011122,1.794026596729551,-0.8866326247988878,-0.705973403270449,-1,-1
3,2.0,SFS Forward,wrapper,1.3906922889306934,1.0005472702699685,-0.6093077110693066,-0.9994527297300315,-1,-1
4,2.5,SFS Forward,wrapper,2.075667869486937,2.1767097334788676,-0.4243321305130632,-0.32329026652113235,-1,-1
5,1.5,SFS Forward,wrapper,1.7212442255189173,1.3954078244582393,0.22124422551891731,-0.1045921755417607,0,-1
6,2.0,SFS Forward,wrapper,2.1270537489686974,1.90141317514719,0.12705374896869737,-0.0985868248528099,0,0
7,2.0,SFS Forward,wrapper,1.8282873138814564,2.089170091713027,-0.17171268611854362,0.08917009171302714,0,0
8,1.0,SFS Forward,wrapper,0.854130698117936,1.0359508753515623,-0.14586930188206404,0.03595087535156227,0,0
9,1.0,SFS Forward,wrapper,0.9467813753950529,1.6602329869208912,-0.053218624604947085,0.6602329869208912,0,1
10,1.5,SFS Forward,wrapper,1.2554957854547584,0.9577290977018302,-0.24450421454524163,-0.5422709022981698,-1,-1
11,1.0,SFS Forward,wrapper,1.2637750114993618,0.6720590455509959,0.2637750114993618,-0.32794095444900406,0,0
12,1.0,SFS Forward,wrapper,1.4803830188922298,1.027421284641761,0.4803830188922298,0.027421284641760968,0,0
13,1.0,SFS Forward,wrapper,1.4646652225403158,0.9976634621781957,0.46466522254031584,-0.0023365378218043187,0,0
14,0.5,SFS Forward,wrapper,0.3601112434372967,0.86567473561208,-0.13988875656270328,0.36567473561207997,-1,0
15,1.5,SFS Forward,wrapper,0.7968577028247605,0.5260376112161516,-0.7031422971752395,-0.9739623887838484,-1,-1
16,0.5,SFS Forward,wrapper,0.11493697587986973,0.8671443239787411,-0.38506302412013027,0.3671443239787411,-1,0
17,1.0,SFS Forward,wrapper,1.452062296243196,1.6020631944941726,0.45206229624319594,0.6020631944941726,0,1
18,0.5,SFS Forward,wrapper,1.18366885706252,0.4790571252430073,0.68366885706252,-0.02094287475699269,0,-1
19,1.0,SFS Forward,wrapper,1.225834898551445,0.6727600301348221,0.2258348985514449,-0.3272399698651779,0,0
20,0.5,SFS Forward,wrapper,0.6800576913158639,0.5764782832202293,0.1800576913158639,0.07647828322022932,0,0
21,1.0,SFS Forward,wrapper,1.3655301711928272,1.5521257134918094,0.36553017119282716,0.5521257134918094,0,1
22,1.0,SFS Forward,wrapper,1.0755587443277088,0.6598316485904072,0.07555874432770882,-0.3401683514095928,0,0
23,1.0,SFS Forward,wrapper,0.6914262057436635,1.4030585354879401,-0.30857379425633646,0.40305853548794013,0,0
24,1.0,SFS Forward,wrapper,1.3293920701795336,0.6863946282953198,0.32939207017953365,-0.31360537170468017,0,0
25,3.0,SFS Forward,wrapper,2.912497413478076,2.759087089972144,-0.08750258652192411,-0.24091291002785598,0,0
26,3.5,SFS Forward,wrapper,3.049721643458496,3.717736995458696,-0.45027835654150383,0.21773699545869585,-1,0
27,0.0,SFS Forward,wrapper,0.4655376754698163,0.4035266319507667,0.4655376754698163,0.4035266319507667,0,0
28,0.0,SFS Forward,wrapper,0.44169700019001,0.573019130623922,0.44169700019001,0.573019130623922,0,1
29,0.5,SFS Forward,wrapper,-0.053450651402203064,0.6675656182977616,-0.5534506514022031,0.16756561829776162,-1,0
30,1.0,SFS Forward,wrapper,0.38505096262067906,0.3097367346703095,-0.6149490373793209,-0.6902632653296905,-1,-1
31,0.5,SFS Forward,wrapper,0.9022655757585051,1.1353343293648488,0.4022655757585051,0.6353343293648488,0,0
32,0.5,SFS Forward,wrapper,0.4962417906906351,0.2534656150115723,-0.0037582093093648794,-0.24653438498842772,-1,-1
33,0.5,SFS Forward,wrapper,0.16222386374586084,0.6083229010625013,-0.33777613625413916,0.10832290106250131,-1,0
34,1.0,SFS Forward,wrapper,0.9237815237198826,0.5056418996826808,-0.07621847628011735,-0.4943581003173192,0,0
35,1.0,SFS Forward,wrapper,1.007960536391673,1.4949192871252754,0.007960536391673045,0.49491928712527544,0,0
36,1.5,SFS Forward,wrapper,1.3328810922426604,1.4372338503340754,-0.16711890775733962,-0.06276614966592464,-1,-1
37,1.0,SFS Forward,wrapper,1.401997421326008,1.4534103319894809,0.401997421326008,0.4534103319894809,0,0
38,2.0,SFS Forward,wrapper,1.913639359217451,2.0793817607802643,-0.08636064078254901,0.07938176078026427,0,0
39,2.0,SFS Forward,wrapper,1.9332323393075448,1.4879053114958887,-0.06676766069245521,-0.5120946885041113,0,-1
40,2.0,SFS Forward,wrapper,1.754213960362752,1.8724079400249245,-0.245786039637248,-0.1275920599750755,0,0
41,2.5,SFS Forward,wrapper,2.101138693548017,2.572917491516454,-0.39886130645198303,0.0729174915164541,-1,0
42,2.0,SFS Forward,wrapper,2.160462344949722,2.4025223859075178,0.160462344949722,0.40252238590751777,0,0
43,2.5,SFS Forward,wrapper,1.896815336986485,1.961027577611069,-0.6031846630135149,-0.538972422388931,-1,-1
44,0.0,SFS Forward,wrapper,1.1650207059296112,0.3973061185752461,1.1650207059296112,0.3973061185752461,1,0
45,2.0,SFS Forward,wrapper,2.011528743023714,1.621874192115049,0.011528743023713872,-0.378125807884951,0,0
46,2.0,SFS Forward,wrapper,2.026551718179584,2.0271689686665413,0.026551718179583794,0.027168968666541282,0,0
47,1.0,SFS Forward,wrapper,1.7826999138188886,1.9506500426355249,0.7826999138188886,0.9506500426355249,1,1
48,1.5,SFS Forward,wrapper,1.338348503629254,0.9347210604177899,-0.16165149637074605,-0.5652789395822101,-1,-1
49,2.0,SFS Forward,wrapper,1.4881229087408299,1.6905474857886778,-0.5118770912591701,-0.30945251421132225,-1,0
50,1.5,SFS Forward,wrapper,1.9510352074172843,1.9791662002120007,0.4510352074172843,0.47916620021200074,0,0
51,1.5,SFS Forward,wrapper,0.7577072695722457,0.4418733438660044,-0.7422927304277543,-1.0581266561339957,-1,-2
52,1.0,SFS Forward,wrapper,1.1000691109763134,0.4712805230800665,0.10006911097631344,-0.5287194769199335,0,-1
0,0.5,SBS Backward,wrapper,1.2046171457393229,0.7701556209727302,0.7046171457393229,0.27015562097273016,0,0
1,1.5,SBS Backward,wrapper,1.3036480174947305,2.2920482273535576,-0.19635198250526953,0.7920482273535576,-1,0
2,2.5,SBS Backward,wrapper,1.7669536830029962,1.6954265661106331,-0.7330463169970038,-0.8045734338893669,-1,-1
3,2.0,SBS Backward,wrapper,1.5682570534231346,0.8196616644106485,-0.4317429465768654,-1.1803383355893515,0,-1
4,2.5,SBS Backward,wrapper,2.5677713495930083,1.413516896675148,0.06777134959300835,-1.086483103324852,0,-2
5,1.5,SBS Backward,wrapper,1.8171064783050712,1.6868060445641375,0.3171064783050712,0.18680604456413752,0,0
6,2.0,SBS Backward,wrapper,1.6921882101232595,0.5326184220763204,-0.3078117898767405,-1.4673815779236796,0,-1
7,2.0,SBS Backward,wrapper,1.9803783775014114,0.4220800826826142,-0.019621622498588565,-1.5779199173173857,0,-2
8,1.0,SBS Backward,wrapper,1.105487996424098,0.25513618419821693,0.10548799642409801,-0.7448638158017831,0,-1
9,1.0,SBS Backward,wrapper,1.2153142576171325,0.9166557668504702,0.21531425761713252,-0.08334423314952977,0,0
10,1.5,SBS Backward,wrapper,1.164823926106487,1.0980347900632645,-0.335176073893513,-0.40196520993673546,-1,-1
11,1.0,SBS Backward,wrapper,0.9446580806937773,0.6276344290571506,-0.055341919306222676,-0.3723655709428494,0,0
12,1.0,SBS Backward,wrapper,0.8905457836147234,0.6957519109446526,-0.10945421638527664,-0.3042480890553474,0,0
13,1.0,SBS Backward,wrapper,1.518825313952981,1.7922019239975384,0.518825313952981,0.7922019239975384,1,1
14,0.5,SBS Backward,wrapper,0.47679189493397245,0.2949729856587725,-0.02320810506602755,-0.2050270143412275,-1,-1
15,1.5,SBS Backward,wrapper,0.9325624946107867,1.0463360601385525,-0.5674375053892133,-0.4536639398614475,-1,-1
16,0.5,SBS Backward,wrapper,0.41780028838174377,0.5224444231220422,-0.08219971161825623,0.0224444231220422,-1,0
17,1.0,SBS Backward,wrapper,1.3079330038184787,-0.20376078806652181,0.30793300381847866,-1.2037607880665218,0,-1
18,0.5,SBS Backward,wrapper,0.6479778366410042,0.4273884880136539,0.14797783664100417,-0.07261151198634608,0,-1
19,1.0,SBS Backward,wrapper,1.009199145524019,-0.0017669507438609067,0.009199145524019015,-1.001766950743861,0,-1
20,0.5,SBS Backward,wrapper,0.4358081080817974,0.7548296776744347,-0.06419189191820263,0.25482967767443465,-1,0
21,1.0,SBS Backward,wrapper,1.3229381952010502,1.6830906599278137,0.32293819520105016,0.6830906599278137,0,1
22,1.0,SBS Backward,wrapper,0.976253505876308,0.6591217135772522,-0.023746494123692008,-0.34087828642274776,0,0
23,1.0,SBS Backward,wrapper,0.753816871120752,1.5868732394434946,-0.24618312887924798,0.5868732394434946,0,1
24,1.0,SBS Backward,wrapper,0.9442571610555555,0.649834550216876,-0.05574283894444454,-0.350165449783124,0,0
25,3.0,SBS Backward,wrapper,3.184869594508787,3.3058392339427756,0.18486959450878704,0.30583923394277557,0,0
26,3.5,SBS Backward,wrapper,3.2270994220476394,4.7047443482305065,-0.27290057795236056,1.2047443482305065,-1,0
27,0.0,SBS Backward,wrapper,0.48557928579217147,0.28091818245916583,0.48557928579217147,0.28091818245916583,0,0
28,0.0,SBS Backward,wrapper,0.41516763844487126,0.6761308036441482,0.41516763844487126,0.6761308036441482,0,1
29,0.5,SBS Backward,wrapper,0.39762156641929736,0.1068174040786915,-0.10237843358070264,-0.3931825959213085,-1,-1
30,1.0,SBS Backward,wrapper,0.3562200732353965,0.1063999153313328,-0.6437799267646035,-0.8936000846686671,-1,-1
31,0.5,SBS Backward,wrapper,0.8513485997455528,0.9811757773805946,0.35134859974555277,0.4811757773805946,0,0
32,0.5,SBS Backward,wrapper,0.9528801897470183,1.0240522455335022,0.45288018974701827,0.5240522455335022,0,0
33,0.5,SBS Backward,wrapper,0.38527869772838486,0.6662387002561282,-0.11472130227161514,0.1662387002561282,-1,0
34,1.0,SBS Backward,wrapper,0.613230443260415,0.19103664957282213,-0.386769556739585,-0.8089633504271778,0,-1
35,1.0,SBS Backward,wrapper,0.8940823000769853,0.17516933971142246,-0.1059176999230147,-0.8248306602885775,0,-1
36,1.5,SBS Backward,wrapper,1.4437645080853496,2.0406532975330567,-0.05623549191465038,0.5406532975330567,-1,0
37,1.0,SBS Backward,wrapper,0.8445701370870367,0.9557612026720764,-0.15542986291296335,-0.044238797327923574,0,0
38,2.0,SBS Backward,wrapper,1.8937220699512274,1.20964015290873,-0.10627793004877262,-0.79035984709127,0,-1
39,2.0,SBS Backward,wrapper,2.1624081197066864,1.6694770324070651,0.16240811970668645,-0.33052296759293487,0,0
40,2.0,SBS Backward,wrapper,2.0001192541718273,1.6256158364213857,0.00011925417182734321,-0.37438416357861426,0,0
41,2.5,SBS Backward,wrapper,2.236213033766676,2.3362154975033924,-0.2637869662333241,-0.1637845024966076,-1,-1
42,2.0,SBS Backward,wrapper,2.4044561211108864,2.6398578177608782,0.40445612111088636,0.6398578177608782,0,1
43,2.5,SBS Backward,wrapper,2.122283735969268,2.1733775468235312,-0.3777162640307319,-0.32662245317646876,-1,-1
44,0.0,SBS Backward,wrapper,0.7458562330275255,0.8196482673681724,0.7458562330275255,0.8196482673681724,1,1
45,2.0,SBS Backward,wrapper,2.1320325825515534,4.337153531512194,0.13203258255155337,2.337153531512194,0,2
46,2.0,SBS Backward,wrapper,1.675304628563969,0.5631901248850699,-0.324695371436031,-1.43680987511493,0,-1
47,1.0,SBS Backward,wrapper,1.8638975570793836,1.6517788928750963,0.8638975570793836,0.6517788928750963,1,1
48,1.5,SBS Backward,wrapper,1.6456337949944544,1.817915123049167,0.1456337949944544,0.317915123049167,0,0
49,2.0,SBS Backward,wrapper,1.7194693028210355,1.1232281806522664,-0.2805306971789645,-0.8767718193477336,0,-1
50,1.5,SBS Backward,wrapper,1.4191332198204958,0.08389408047807678,-0.08086678017950422,-1.4161059195219232,-1,-2
51,1.5,SBS Backward,wrapper,1.159243953252327,-0.08428781253173107,-0.3407560467476729,-1.584287812531731,-1,-2
52,1.0,SBS Backward,wrapper,0.964210406984076,0.3125163948027987,-0.03578959301592399,-0.6874836051972013,0,-1
0,0.5,Boruta,wrapper,0.8291001751871316,1.0496028153368173,0.32910017518713164,0.5496028153368173,0,0
1,1.5,Boruta,wrapper,2.5657500000000004,2.3271609899504955,1.0657500000000004,0.8271609899504955,1,0
2,2.5,Boruta,wrapper,1.7435355392156862,1.8794524526222887,-0.7564644607843138,-0.6205475473777113,-1,-1
3,2.0,Boruta,wrapper,1.1632970347878244,1.352118525487608,-0.8367029652121756,-0.647881474512392,-1,-1
4,2.5,Boruta,wrapper,2.510818181818182,2.2532258000001137,0.010818181818181838,-0.24677419999988626,0,-1
5,1.5,Boruta,wrapper,1.890143554910002,1.043415472182432,0.3901435549100021,-0.456584527817568,0,-1
6,2.0,Boruta,wrapper,1.7679390742510308,2.00604057751851,-0.2320609257489692,0.006040577518509949,0,0
7,2.0,Boruta,wrapper,1.8523273809523806,1.3219853624531737,-0.1476726190476194,-0.6780146375468263,0,-1
8,1.0,Boruta,wrapper,1.242431864656765,1.1968501308827584,0.24243186465676492,0.19685013088275838,0,0
9,1.0,Boruta,wrapper,0.8469847823176173,0.9617050243432654,-0.1530152176823827,-0.038294975656734564,0,0
10,1.5,Boruta,wrapper,0.8615445479583234,1.2009007591562761,-0.6384554520416766,-0.29909924084372386,-1,-1
11,1.0,Boruta,wrapper,0.4348814229249012,0.8131467116646458,-0.5651185770750988,-0.1868532883353542,-1,0
12,1.0,Boruta,wrapper,1.2181206314968305,1.2502930516745998,0.21812063149683047,0.2502930516745998,0,0
13,1.0,Boruta,wrapper,1.2746727425801911,1.2732803678842872,0.27467274258019114,0.2732803678842872,0,0
14,0.5,Boruta,wrapper,0.4780477716727717,-0.04007039385443356,-0.021952228327228318,-0.5400703938544336,-1,-1
15,1.5,Boruta,wrapper,1.0497911167953904,0.9111851069686441,-0.4502088832046096,-0.5888148930313559,-1,-1
16,0.5,Boruta,wrapper,0.4942908272283272,0.885341614479098,-0.005709172771672821,0.385341614479098,-1,0
17,1.0,Boruta,wrapper,1.2786636332541312,0.8986327607870294,0.27866363325413124,-0.10136723921297064,0,0
18,0.5,Boruta,wrapper,0.41935119047619046,0.53738547100818,-0.08064880952380954,0.037385471008180016,-1,0
19,1.0,Boruta,wrapper,1.0775863880599552,1.2856632670477754,0.07758638805995521,0.28566326704777545,0,0
20,0.5,Boruta,wrapper,0.979459455964273,0.5890020602713516,0.479459455964273,0.0890020602713516,0,0
21,1.0,Boruta,wrapper,1.3338997203776615,1.5872447313573663,0.33389972037766147,0.5872447313573663,0,1
22,1.0,Boruta,wrapper,1.1614578229825314,0.7134636964597008,0.16145782298253142,-0.28653630354029924,0,0
23,1.0,Boruta,wrapper,1.1315860558607644,1.249060973063301,0.13158605586076444,0.2490609730633011,0,0
24,1.0,Boruta,wrapper,1.640959340256108,1.2123071444160862,0.640959340256108,0.21230714441608622,1,0
25,3.0,Boruta,wrapper,2.586934523809524,2.524263845342248,-0.41306547619047596,-0.4757361546577519,0,0
26,3.5,Boruta,wrapper,2.2752083333333335,2.314790275543453,-1.2247916666666665,-1.1852097244565472,-2,-2
27,0.0,Boruta,wrapper,0.6271827001580292,0.617429232794671,0.6271827001580292,0.617429232794671,1,1
28,0.0,Boruta,wrapper,0.5028672161172161,0.7793482491701125,0.5028672161172161,0.7793482491701125,1,1
29,0.5,Boruta,wrapper,0.7058936316951021,0.38226670469709934,0.2058936316951021,-0.11773329530290066,0,-1
30,1.0,Boruta,wrapper,0.7276683518579803,0.8242546674128272,-0.2723316481420197,-0.17574533258717284,0,0
31,0.5,Boruta,wrapper,1.3948910301300008,1.1997101889402249,0.8948910301300008,0.6997101889402249,0,0
32,0.5,Boruta,wrapper,0.5405793199855701,0.27429854590803204,0.04057931998557007,-0.22570145409196796,0,-1
33,0.5,Boruta,wrapper,0.4734595959595961,0.32652855320607166,-0.02654040404040392,-0.17347144679392834,-1,-1
34,1.0,Boruta,wrapper,0.7044788632420209,1.0289514468889913,-0.2955211367579791,0.028951446888991317,0,0
35,1.0,Boruta,wrapper,1.1163319287781364,1.3248070801809582,0.11633192877813636,0.32480708018095816,0,0
36,1.5,Boruta,wrapper,1.5446428571428572,1.4220051159078229,0.044642857142857206,-0.07799488409217714,0,-1
37,1.0,Boruta,wrapper,1.704017857142857,1.4961699361093221,0.704017857142857,0.49616993610932214,1,0
38,2.0,Boruta,wrapper,1.8895833333333334,2.1657219821966387,-0.11041666666666661,0.1657219821966387,0,0
39,2.0,Boruta,wrapper,1.9358744658119662,1.9403012969775981,-0.0641255341880338,-0.05969870302240188,0,0
40,2.0,Boruta,wrapper,1.8521153846153846,1.94668994052768,-0.1478846153846154,-0.053310059472319926,0,0
41,2.5,Boruta,wrapper,1.9193115079365084,2.1399882923967315,-0.5806884920634916,-0.3600117076032685,-1,-1
42,2.0,Boruta,wrapper,2.157267857142857,2.514171898443522,0.15726785714285718,0.514171898443522,0,1
43,2.5,Boruta,wrapper,2.440278617216117,2.204266723671765,-0.05972138278388295,-0.2957332763282352,-1,-1
44,0.0,Boruta,wrapper,0.7049810606060606,0.014102696089067668,0.7049810606060606,0.014102696089067668,1,0
45,2.0,Boruta,wrapper,1.2971931455949453,0.8599750444624487,-0.7028068544050547,-1.1400249555375512,-1,-1
46,2.0,Boruta,wrapper,1.86337831959707,1.7907102814096787,-0.1366216804029301,-0.2092897185903213,0,0
47,1.0,Boruta,wrapper,1.6080168403363064,1.339412213522363,0.6080168403363064,0.33941221352236295,1,0
48,1.5,Boruta,wrapper,1.6345138180850425,1.6484354893228295,0.13451381808504248,0.14843548932282946,0,0
49,2.0,Boruta,wrapper,1.672249188311688,1.2698770746819752,-0.3277508116883121,-0.7301229253180248,0,-1
50,1.5,Boruta,wrapper,1.8353579545454548,2.0408455197531525,0.3353579545454548,0.5408455197531525,0,0
51,1.5,Boruta,wrapper,1.0897274156699854,0.8007969948442526,-0.41027258433001457,-0.6992030051557474,-1,-1
52,1.0,Boruta,wrapper,1.1906244506482508,0.8902802252361934,0.19062445064825084,-0.10971977476380657,0,0
